TIMESTAMP,LOCATION_ID,CO,SO2,NO2
2022-03-20 00:00,B-101,2.6,62,57
2022-03-20 00:05,B-101,3.9,60,73
2022-03-20 00:10,B-101,3.2,78,74
2022-03-20 00:15,B-101,3.1,53,79
2022-03-20 00:20,B-101,2.3,59,66
2022-03-20 00:25,B-101,2.8,62,53
2022-03-20 00:30,B-101,1.2,70,72
2022-03-20 00:35,B-101,3.2,67,65
2022-03-20 00:40,B-101,1,69,54
2022-03-20 00:45,B-101,2.9,52,54
2022-03-20 00:50,B-101,3,52,67
2022-03-20 00:55,B-101,3.3,76,58
2022-03-20 01:00,B-101,2.3,70,80
2022-03-20 01:05,B-101,3.4,56,71
2022-03-20 01:10,B-101,3.9,57,56
2022-03-20 01:15,B-101,3.3,76,49
2022-03-20 01:20,B-101,3.5,77,75
2022-03-20 01:25,B-101,2.7,58,80
2022-03-20 01:30,B-101,3.3,62,55
2022-03-20 01:35,B-101,3.2,63,78
2022-03-20 01:40,B-101,3.3,52,72
2022-03-20 01:45,B-101,3.4,79,49
2022-03-20 01:50,B-101,2.5,59,80
2022-03-20 01:55,B-101,2.4,54,76
2022-03-20 02:00,B-101,3,73,79
2022-03-20 02:05,B-101,2.6,73,79
2022-03-20 02:10,B-101,1.8,78,67
2022-03-20 02:15,B-101,3.3,52,68
2022-03-20 02:20,B-101,3.2,71,65
2022-03-20 02:25,B-101,3.4,52,66
2022-03-20 02:30,B-101,3.7,56,68
2022-03-20 02:35,B-101,2.9,60,55
2022-03-20 02:40,B-101,2.4,73,59
2022-03-20 02:45,B-101,3.2,74,58
2022-03-20 02:50,B-101,2.2,63,78
2022-03-20 02:55,B-101,3,75,52
2022-03-20 03:00,B-101,1,76,73
2022-03-20 03:05,B-101,3.9,74,71
2022-03-20 03:10,B-101,2.8,72,55
2022-03-20 03:15,B-101,3.7,67,58
2022-03-20 03:20,B-101,2.2,79,67
2022-03-20 03:25,B-101,3.3,77,78
2022-03-20 03:30,B-101,1.6,50,53
2022-03-20 03:35,B-101,2.8,69,77
2022-03-20 03:40,B-101,3.5,80,78
2022-03-20 03:45,B-101,1.3,76,68
2022-03-20 03:50,B-101,2,71,51
2022-03-20 03:55,B-101,2.1,72,55
2022-03-20 04:00,B-101,3.3,79,73
2022-03-20 04:05,B-101,2.9,65,60
2022-03-20 04:10,B-101,3,60,69
2022-03-20 04:15,B-101,3.3,80,50
2022-03-20 04:20,B-101,1.9,50,75
2022-03-20 04:25,B-101,2.5,67,51
2022-03-20 04:30,B-101,2.4,51,64
2022-03-20 04:35,B-101,1.2,61,52
2022-03-20 04:40,B-101,2.2,74,74
2022-03-20 04:45,B-101,3.2,58,54
2022-03-20 04:50,B-101,3.8,68,62
2022-03-20 04:55,B-101,3.6,61,52
2022-03-20 05:00,B-101,1.9,78,50
2022-03-20 05:05,B-101,1.6,64,60
2022-03-20 05:10,B-101,2.1,71,69
2022-03-20 05:15,B-101,1.2,79,76
2022-03-20 05:20,B-101,1.9,79,67
2022-03-20 05:25,B-101,1.3,58,58
2022-03-20 05:30,B-101,1.2,60,80
2022-03-20 05:35,B-101,3.2,53,75
2022-03-20 05:40,B-101,2.2,60,71
2022-03-20 05:45,B-101,3.6,77,80
2022-03-20 05:50,B-101,1.2,71,80
2022-03-20 05:55,B-101,1.5,75,53
2022-03-20 06:00,B-101,3.1,56,50
2022-03-20 06:05,B-101,3.8,62,57
2022-03-20 06:10,B-101,2.6,74,67
2022-03-20 06:15,B-101,3.4,53,79
2022-03-20 06:20,B-101,2.4,77,64
2022-03-20 06:25,B-101,1.4,74,49
2022-03-20 06:30,B-101,3.1,57,77
2022-03-20 06:35,B-101,2.8,63,58
2022-03-20 06:40,B-101,2.2,76,62
2022-03-20 06:45,B-101,2.5,73,56
2022-03-20 06:50,B-101,2.2,75,54
2022-03-20 06:55,B-101,2.3,74,72
2022-03-20 07:00,B-101,1.1,65,65
2022-03-20 07:05,B-101,2.3,67,49
2022-03-20 07:10,B-101,3.5,52,55
2022-03-20 07:15,B-101,1.3,53,74
2022-03-20 07:20,B-101,2.4,73,80
2022-03-20 07:25,B-101,3.9,74,65
2022-03-20 07:30,B-101,1.5,61,79
2022-03-20 07:35,B-101,2.7,78,49
2022-03-20 07:40,B-101,2.5,79,61
2022-03-20 07:45,B-101,1.5,57,74
2022-03-20 07:50,B-101,3.7,52,60
2022-03-20 07:55,B-101,2.6,68,77
2022-03-20 08:00,B-101,1,57,65
2022-03-20 08:05,B-101,2.9,74,79
2022-03-20 08:10,B-101,1.3,70,54
2022-03-20 08:15,B-101,2.7,79,78
2022-03-20 08:20,B-101,2.5,70,79
2022-03-20 08:25,B-101,2.6,61,51
2022-03-20 08:30,B-101,3.8,80,54
2022-03-20 08:35,B-101,2.3,66,75
2022-03-20 08:40,B-101,3.5,60,67
2022-03-20 08:45,B-101,3.7,59,77
2022-03-20 08:50,B-101,2.7,74,51
2022-03-20 08:55,B-101,3.6,55,75
2022-03-20 09:00,B-101,3.4,57,62
2022-03-20 09:05,B-101,2.2,63,70
2022-03-20 09:10,B-101,1.8,54,69
2022-03-20 09:15,B-101,2.4,72,75
2022-03-20 09:20,B-101,3.8,60,78
2022-03-20 09:25,B-101,3.3,54,61
2022-03-20 09:30,B-101,3.4,65,60
2022-03-20 09:35,B-101,3.7,51,70
2022-03-20 09:40,B-101,2.6,64,73
2022-03-20 09:45,B-101,1.1,74,70
2022-03-20 09:50,B-101,2.9,62,57
2022-03-20 09:55,B-101,3,63,57
2022-03-20 10:00,B-101,1.2,53,70
2022-03-20 10:05,B-101,1.3,80,74
2022-03-20 10:10,B-101,2.1,80,80
2022-03-20 10:15,B-101,2.3,69,67
2022-03-20 10:20,B-101,2,78,62
2022-03-20 10:25,B-101,2.1,64,64
2022-03-20 10:30,B-101,3.3,74,74
2022-03-20 10:35,B-101,1.9,72,55
2022-03-20 10:40,B-101,3.2,73,71
2022-03-20 10:45,B-101,3.6,50,77
2022-03-20 10:50,B-101,2.9,65,52
2022-03-20 10:55,B-101,1.8,76,77
2022-03-20 11:00,B-101,2.4,80,58
2022-03-20 11:05,B-101,1.5,65,54
2022-03-20 11:10,B-101,2.5,63,76
2022-03-20 11:15,B-101,2.3,76,69
2022-03-20 11:20,B-101,1.8,75,60
2022-03-20 11:25,B-101,3.8,71,79
2022-03-20 11:30,B-101,1.2,53,80
2022-03-20 11:35,B-101,2.7,50,73
2022-03-20 11:40,B-101,1.5,59,55
2022-03-20 11:45,B-101,1.6,63,80
2022-03-20 11:50,B-101,3.8,69,70
2022-03-20 11:55,B-101,1.5,61,63
2022-03-20 12:00,B-101,3.2,76,58
2022-03-20 12:05,B-101,2.4,65,79
2022-03-20 12:10,B-101,3.4,75,65
2022-03-20 12:15,B-101,2.8,79,54
2022-03-20 12:20,B-101,1.2,55,74
2022-03-20 12:25,B-101,3.4,51,56
2022-03-20 12:30,B-101,2.3,55,59
2022-03-20 12:35,B-101,3.9,53,67
2022-03-20 12:40,B-101,1.6,70,71
2022-03-20 12:45,B-101,3.8,63,53
2022-03-20 12:50,B-101,2,80,78
2022-03-20 12:55,B-101,3.9,74,50
2022-03-20 13:00,B-101,2.5,63,74
2022-03-20 13:05,B-101,3,78,65
2022-03-20 13:10,B-101,2.9,53,50
2022-03-20 13:15,B-101,1.2,56,64
2022-03-20 13:20,B-101,3.2,70,76
2022-03-20 13:25,B-101,2.2,66,80
2022-03-20 13:30,B-101,1.7,63,56
2022-03-20 13:35,B-101,1.9,67,64
2022-03-20 13:40,B-101,3.3,62,79
2022-03-20 13:45,B-101,2.1,73,67
2022-03-20 13:50,B-101,3.8,80,70
2022-03-20 13:55,B-101,3.1,67,54
2022-03-20 14:00,B-101,2.9,63,50
2022-03-20 14:05,B-101,2.1,61,50
2022-03-20 14:10,B-101,1.3,74,67
2022-03-20 14:15,B-101,2.6,54,55
2022-03-20 14:20,B-101,2.6,75,75
2022-03-20 14:25,B-101,3.6,69,57
2022-03-20 14:30,B-101,3,71,63
2022-03-20 14:35,B-101,2.9,71,53
2022-03-20 14:40,B-101,3,80,80
2022-03-20 14:45,B-101,1.7,75,58
2022-03-20 14:50,B-101,3.5,50,70
2022-03-20 14:55,B-101,3.9,76,73
2022-03-20 15:00,B-101,1.3,77,63
2022-03-20 15:05,B-101,3.9,50,78
2022-03-20 15:10,B-101,1.4,74,70
2022-03-20 15:15,B-101,3.1,76,63
2022-03-20 15:20,B-101,3.2,68,61
2022-03-20 15:25,B-101,1.9,67,70
2022-03-20 15:30,B-101,2.3,66,80
2022-03-20 15:35,B-101,1.5,77,75
2022-03-20 15:40,B-101,3.4,52,60
2022-03-20 15:45,B-101,3.6,79,74
2022-03-20 15:50,B-101,2.9,59,62
2022-03-20 15:55,B-101,3.3,80,80
2022-03-20 16:00,B-101,1.7,68,55
2022-03-20 16:05,B-101,2.7,63,61
2022-03-20 16:10,B-101,3.7,75,78
2022-03-20 16:15,B-101,1.9,66,64
2022-03-20 16:20,B-101,1.2,76,67
2022-03-20 16:25,B-101,2.1,55,67
2022-03-20 16:30,B-101,2,72,62
2022-03-20 16:35,B-101,2.4,76,77
2022-03-20 16:40,B-101,2.5,79,54
2022-03-20 16:45,B-101,3.8,50,74
2022-03-20 16:50,B-101,2.5,79,66
2022-03-20 16:55,B-101,2,77,61
2022-03-20 17:00,B-101,2.7,77,59
2022-03-20 17:05,B-101,2.1,65,58
2022-03-20 17:10,B-101,3.5,63,79
2022-03-20 17:15,B-101,2,66,61
2022-03-20 17:20,B-101,3.6,73,54
2022-03-20 17:25,B-101,2.2,63,75
2022-03-20 17:30,B-101,3.7,52,49
2022-03-20 17:35,B-101,2.9,60,80
2022-03-20 17:40,B-101,2.7,73,62
2022-03-20 17:45,B-101,3.4,50,77
2022-03-20 17:50,B-101,2.7,73,55
2022-03-20 17:55,B-101,1.7,64,54
2022-03-20 18:00,B-101,3.3,51,70
2022-03-20 18:05,B-101,3.3,59,63
2022-03-20 18:10,B-101,1.7,61,61
2022-03-20 18:15,B-101,3.1,54,56
2022-03-20 18:20,B-101,3.8,79,55
2022-03-20 18:25,B-101,2.2,68,67
2022-03-20 18:30,B-101,2.5,77,76
2022-03-20 18:35,B-101,3,64,72
2022-03-20 18:40,B-101,1.2,62,72
2022-03-20 18:45,B-101,2.7,70,76
2022-03-20 18:50,B-101,1.6,66,66
2022-03-20 18:55,B-101,2.3,60,49
2022-03-20 19:00,B-101,3.6,64,56
2022-03-20 19:05,B-101,1.6,80,64
2022-03-20 19:10,B-101,3.3,61,68
2022-03-20 19:15,B-101,2.3,52,66
2022-03-20 19:20,B-101,3.8,69,54
2022-03-20 19:25,B-101,2.2,64,49
2022-03-20 19:30,B-101,3.5,52,64
2022-03-20 19:35,B-101,2.4,66,50
2022-03-20 19:40,B-101,2.1,75,78
2022-03-20 19:45,B-101,3.4,71,75
2022-03-20 19:50,B-101,3.2,58,74
2022-03-20 19:55,B-101,1.9,75,70
2022-03-20 20:00,B-101,2.3,53,75
2022-03-20 20:05,B-101,2.9,62,75
2022-03-20 20:10,B-101,2.3,53,73
2022-03-20 20:15,B-101,2,78,62
2022-03-20 20:20,B-101,2.9,80,59
2022-03-20 20:25,B-101,2.9,53,57
2022-03-20 20:30,B-101,2.6,75,51
2022-03-20 20:35,B-101,2.7,56,58
2022-03-20 20:40,B-101,2.6,61,57
2022-03-20 20:45,B-101,2.9,68,67
2022-03-20 20:50,B-101,2.4,64,79
2022-03-20 20:55,B-101,2.6,77,58
2022-03-20 21:00,B-101,3,79,61
2022-03-20 21:05,B-101,1.7,65,74
2022-03-20 21:10,B-101,1.2,62,69
2022-03-20 21:15,B-101,2,51,73
2022-03-20 21:20,B-101,2.4,64,75
2022-03-20 21:25,B-101,1.2,72,64
2022-03-20 21:30,B-101,3.4,65,60
2022-03-20 21:35,B-101,2.5,56,75
2022-03-20 21:40,B-101,3.1,80,65
2022-03-20 21:45,B-101,2.2,76,54
2022-03-20 21:50,B-101,3.7,70,55
2022-03-20 21:55,B-101,2.4,66,74
2022-03-20 22:00,B-101,2.7,61,72
2022-03-20 22:05,B-101,3.8,73,65
2022-03-20 22:10,B-101,2.4,54,57
2022-03-20 22:15,B-101,2,52,52
2022-03-20 22:20,B-101,2,58,67
2022-03-20 22:25,B-101,1.4,78,55
2022-03-20 22:30,B-101,3.7,68,56
2022-03-20 22:35,B-101,1.5,56,62
2022-03-20 22:40,B-101,1.7,60,76
2022-03-20 22:45,B-101,3.4,65,58
2022-03-20 22:50,B-101,2.4,53,68
2022-03-20 22:55,B-101,1.7,51,51
2022-03-20 23:00,B-101,1.6,56,58
2022-03-20 23:05,B-101,3.1,72,75
2022-03-20 23:10,B-101,1,59,70
2022-03-20 23:15,B-101,2.2,78,66
2022-03-20 23:20,B-101,1.6,78,71
2022-03-20 23:25,B-101,1.8,65,80
2022-03-20 23:30,B-101,3,55,74
2022-03-20 23:35,B-101,1.6,74,57
2022-03-20 23:40,B-101,2.5,66,60
2022-03-20 23:45,B-101,1.8,64,65
2022-03-20 23:50,B-101,2,63,73
2022-03-20 23:55,B-101,3.9,65,59
2022-03-19 00:00,B-101,2.6,72,67
2022-03-19 00:05,B-101,3.9,70,58
2022-03-19 00:10,B-101,3.2,69,49
2022-03-19 00:15,B-101,3.1,70,60
2022-03-19 00:20,B-101,2.3,76,77
2022-03-19 00:25,B-101,2.8,63,56
2022-03-19 00:30,B-101,1.2,55,69
2022-03-19 00:35,B-101,3.2,61,50
2022-03-19 00:40,B-101,1,76,70
2022-03-19 00:45,B-101,2.9,65,72
2022-03-19 00:50,B-101,3,64,51
2022-03-19 00:55,B-101,3.3,56,78
2022-03-19 01:00,B-101,2.3,62,67
2022-03-19 01:05,B-101,3.4,71,62
2022-03-19 01:10,B-101,3.9,65,71
2022-03-19 01:15,B-101,3.3,71,61
2022-03-19 01:20,B-101,3.5,59,51
2022-03-19 01:25,B-101,2.7,63,63
2022-03-19 01:30,B-101,3.3,60,75
2022-03-19 01:35,B-101,3.2,79,49
2022-03-19 01:40,B-101,3.3,66,77
2022-03-19 01:45,B-101,3.4,77,56
2022-03-19 01:50,B-101,2.5,75,79
2022-03-19 01:55,B-101,2.4,70,62
2022-03-19 02:00,B-101,3,68,57
2022-03-19 02:05,B-101,2.6,71,52
2022-03-19 02:10,B-101,1.8,72,57
2022-03-19 02:15,B-101,3.3,51,64
2022-03-19 02:20,B-101,3.2,77,70
2022-03-19 02:25,B-101,3.4,56,76
2022-03-19 02:30,B-101,3.7,56,56
2022-03-19 02:35,B-101,2.9,62,53
2022-03-19 02:40,B-101,2.4,58,61
2022-03-19 02:45,B-101,3.2,63,75
2022-03-19 02:50,B-101,2.2,76,59
2022-03-19 02:55,B-101,3,56,57
2022-03-19 03:00,B-101,1,60,56
2022-03-19 03:05,B-101,3.9,69,67
2022-03-19 03:10,B-101,2.8,80,49
2022-03-19 03:15,B-101,3.7,56,74
2022-03-19 03:20,B-101,2.2,61,72
2022-03-19 03:25,B-101,3.3,68,56
2022-03-19 03:30,B-101,1.6,59,79
2022-03-19 03:35,B-101,2.8,63,69
2022-03-19 03:40,B-101,3.5,55,80
2022-03-19 03:45,B-101,1.3,65,57
2022-03-19 03:50,B-101,2,54,61
2022-03-19 03:55,B-101,2.1,60,54
2022-03-19 04:00,B-101,3.3,58,71
2022-03-19 04:05,B-101,2.9,69,53
2022-03-19 04:10,B-101,3,67,61
2022-03-19 04:15,B-101,3.3,71,49
2022-03-19 04:20,B-101,1.9,58,65
2022-03-19 04:25,B-101,2.5,66,73
2022-03-19 04:30,B-101,2.4,51,70
2022-03-19 04:35,B-101,1.2,80,60
2022-03-19 04:40,B-101,2.2,63,74
2022-03-19 04:45,B-101,3.2,56,72
2022-03-19 04:50,B-101,3.8,50,63
2022-03-19 04:55,B-101,3.6,63,75
2022-03-19 05:00,B-101,1.9,69,52
2022-03-19 05:05,B-101,1.6,77,55
2022-03-19 05:10,B-101,2.1,59,78
2022-03-19 05:15,B-101,1.2,60,62
2022-03-19 05:20,B-101,1.9,70,74
2022-03-19 05:25,B-101,1.3,66,53
2022-03-19 05:30,B-101,1.2,60,75
2022-03-19 05:35,B-101,3.2,68,63
2022-03-19 05:40,B-101,2.2,73,60
2022-03-19 05:45,B-101,3.6,78,60
2022-03-19 05:50,B-101,1.2,51,57
2022-03-19 05:55,B-101,1.5,52,54
2022-03-19 06:00,B-101,3.1,62,70
2022-03-19 06:05,B-101,3.8,52,69
2022-03-19 06:10,B-101,2.6,72,52
2022-03-19 06:15,B-101,3.4,62,63
2022-03-19 06:20,B-101,2.4,55,71
2022-03-19 06:25,B-101,1.4,50,80
2022-03-19 06:30,B-101,3.1,53,72
2022-03-19 06:35,B-101,2.8,57,71
2022-03-19 06:40,B-101,2.2,70,72
2022-03-19 06:45,B-101,2.5,56,54
2022-03-19 06:50,B-101,2.2,55,52
2022-03-19 06:55,B-101,2.3,80,66
2022-03-19 07:00,B-101,1.1,67,77
2022-03-19 07:05,B-101,2.3,74,74
2022-03-19 07:10,B-101,3.5,71,71
2022-03-19 07:15,B-101,1.3,54,52
2022-03-19 07:20,B-101,2.4,51,69
2022-03-19 07:25,B-101,3.9,65,54
2022-03-19 07:30,B-101,1.5,78,70
2022-03-19 07:35,B-101,2.7,60,65
2022-03-19 07:40,B-101,2.5,77,60
2022-03-19 07:45,B-101,1.5,68,52
2022-03-19 07:50,B-101,3.7,60,66
2022-03-19 07:55,B-101,2.6,58,73
2022-03-19 08:00,B-101,1,58,73
2022-03-19 08:05,B-101,2.9,60,73
2022-03-19 08:10,B-101,1.3,57,71
2022-03-19 08:15,B-101,2.7,77,61
2022-03-19 08:20,B-101,2.5,73,71
2022-03-19 08:25,B-101,2.6,78,68
2022-03-19 08:30,B-101,3.8,74,73
2022-03-19 08:35,B-101,2.3,80,64
2022-03-19 08:40,B-101,3.5,57,64
2022-03-19 08:45,B-101,3.7,56,59
2022-03-19 08:50,B-101,2.7,73,79
2022-03-19 08:55,B-101,3.6,55,57
2022-03-19 09:00,B-101,3.4,70,51
2022-03-19 09:05,B-101,2.2,61,55
2022-03-19 09:10,B-101,1.8,58,73
2022-03-19 09:15,B-101,2.4,59,77
2022-03-19 09:20,B-101,3.8,75,57
2022-03-19 09:25,B-101,3.3,55,61
2022-03-19 09:30,B-101,3.4,67,69
2022-03-19 09:35,B-101,3.7,74,67
2022-03-19 09:40,B-101,2.6,59,50
2022-03-19 09:45,B-101,1.1,56,74
2022-03-19 09:50,B-101,2.9,64,53
2022-03-19 09:55,B-101,3,75,59
2022-03-19 10:00,B-101,1.2,78,69
2022-03-19 10:05,B-101,1.3,65,57
2022-03-19 10:10,B-101,2.1,67,73
2022-03-19 10:15,B-101,2.3,69,53
2022-03-19 10:20,B-101,2,69,55
2022-03-19 10:25,B-101,2.1,57,67
2022-03-19 10:30,B-101,3.3,68,65
2022-03-19 10:35,B-101,1.9,56,69
2022-03-19 10:40,B-101,3.2,77,76
2022-03-19 10:45,B-101,3.6,57,61
2022-03-19 10:50,B-101,2.9,67,59
2022-03-19 10:55,B-101,1.8,69,55
2022-03-19 11:00,B-101,2.4,68,68
2022-03-19 11:05,B-101,1.5,77,62
2022-03-19 11:10,B-101,2.5,58,49
2022-03-19 11:15,B-101,2.3,79,65
2022-03-19 11:20,B-101,1.8,73,62
2022-03-19 11:25,B-101,3.8,63,63
2022-03-19 11:30,B-101,1.2,76,54
2022-03-19 11:35,B-101,2.7,56,53
2022-03-19 11:40,B-101,1.5,52,69
2022-03-19 11:45,B-101,1.6,70,55
2022-03-19 11:50,B-101,3.8,70,53
2022-03-19 11:55,B-101,1.5,77,68
2022-03-19 12:00,B-101,3.2,66,73
2022-03-19 12:05,B-101,2.4,77,78
2022-03-19 12:10,B-101,3.4,59,60
2022-03-19 12:15,B-101,2.8,71,66
2022-03-19 12:20,B-101,1.2,71,77
2022-03-19 12:25,B-101,3.4,76,67
2022-03-19 12:30,B-101,2.3,77,53
2022-03-19 12:35,B-101,3.9,66,72
2022-03-19 12:40,B-101,1.6,53,61
2022-03-19 12:45,B-101,3.8,63,49
2022-03-19 12:50,B-101,2,55,75
2022-03-19 12:55,B-101,3.9,57,49
2022-03-19 13:00,B-101,2.5,79,50
2022-03-19 13:05,B-101,3,74,65
2022-03-19 13:10,B-101,2.9,64,54
2022-03-19 13:15,B-101,1.2,70,66
2022-03-19 13:20,B-101,3.2,70,68
2022-03-19 13:25,B-101,2.2,50,49
2022-03-19 13:30,B-101,1.7,62,74
2022-03-19 13:35,B-101,1.9,57,54
2022-03-19 13:40,B-101,3.3,65,71
2022-03-19 13:45,B-101,2.1,67,76
2022-03-19 13:50,B-101,3.8,65,51
2022-03-19 13:55,B-101,3.1,65,68
2022-03-19 14:00,B-101,2.9,66,59
2022-03-19 14:05,B-101,2.1,70,60
2022-03-19 14:10,B-101,1.3,80,77
2022-03-19 14:15,B-101,2.6,76,59
2022-03-19 14:20,B-101,2.6,69,77
2022-03-19 14:25,B-101,3.6,76,71
2022-03-19 14:30,B-101,3,57,75
2022-03-19 14:35,B-101,2.9,78,75
2022-03-19 14:40,B-101,3,61,76
2022-03-19 14:45,B-101,1.7,74,66
2022-03-19 14:50,B-101,3.5,69,73
2022-03-19 14:55,B-101,3.9,59,69
2022-03-19 15:00,B-101,1.3,53,67
2022-03-19 15:05,B-101,3.9,56,61
2022-03-19 15:10,B-101,1.4,56,75
2022-03-19 15:15,B-101,3.1,55,78
2022-03-19 15:20,B-101,3.2,78,62
2022-03-19 15:25,B-101,1.9,66,60
2022-03-19 15:30,B-101,2.3,54,55
2022-03-19 15:35,B-101,1.5,62,68
2022-03-19 15:40,B-101,3.4,67,75
2022-03-19 15:45,B-101,3.6,62,50
2022-03-19 15:50,B-101,2.9,75,53
2022-03-19 15:55,B-101,3.3,80,66
2022-03-19 16:00,B-101,1.7,79,56
2022-03-19 16:05,B-101,2.7,66,60
2022-03-19 16:10,B-101,3.7,51,70
2022-03-19 16:15,B-101,1.9,73,79
2022-03-19 16:20,B-101,1.2,57,65
2022-03-19 16:25,B-101,2.1,50,50
2022-03-19 16:30,B-101,2,52,56
2022-03-19 16:35,B-101,2.4,55,76
2022-03-19 16:40,B-101,2.5,54,58
2022-03-19 16:45,B-101,3.8,78,62
2022-03-19 16:50,B-101,2.5,67,52
2022-03-19 16:55,B-101,2,65,78
2022-03-19 17:00,B-101,2.7,53,70
2022-03-19 17:05,B-101,2.1,74,56
2022-03-19 17:10,B-101,3.5,74,59
2022-03-19 17:15,B-101,2,77,71
2022-03-19 17:20,B-101,3.6,57,80
2022-03-19 17:25,B-101,2.2,58,74
2022-03-19 17:30,B-101,3.7,79,59
2022-03-19 17:35,B-101,2.9,76,54
2022-03-19 17:40,B-101,2.7,73,71
2022-03-19 17:45,B-101,3.4,76,64
2022-03-19 17:50,B-101,2.7,77,70
2022-03-19 17:55,B-101,1.7,57,51
2022-03-19 18:00,B-101,3.3,71,66
2022-03-19 18:05,B-101,3.3,63,56
2022-03-19 18:10,B-101,1.7,74,78
2022-03-19 18:15,B-101,3.1,63,53
2022-03-19 18:20,B-101,3.2,50,57
2022-03-19 18:25,B-101,1.9,80,66
2022-03-19 18:30,B-101,2.3,58,53
2022-03-19 18:35,B-101,2.9,53,52
2022-03-19 18:40,B-101,2.3,77,61
2022-03-19 18:45,B-101,2,54,59
2022-03-19 18:50,B-101,2.9,61,70
2022-03-19 18:55,B-101,2.9,51,76
2022-03-19 19:00,B-101,2.6,65,49
2022-03-19 19:05,B-101,2.7,77,74
2022-03-19 19:10,B-101,2.6,55,75
2022-03-19 19:15,B-101,2.9,65,49
2022-03-19 19:20,B-101,2.4,57,67
2022-03-19 19:25,B-101,2.6,69,74
2022-03-19 19:30,B-101,3,76,65
2022-03-19 19:35,B-101,1.7,54,49
2022-03-19 19:40,B-101,1.2,66,60
2022-03-19 19:45,B-101,2,67,63
2022-03-19 19:50,B-101,2.4,65,65
2022-03-19 19:55,B-101,1.2,76,66
2022-03-19 20:00,B-101,3.4,79,79
2022-03-19 20:05,B-101,2.5,73,55
2022-03-19 20:10,B-101,3.1,61,65
2022-03-19 20:15,B-101,2.2,52,55
2022-03-19 20:20,B-101,3.7,51,77
2022-03-19 20:25,B-101,2.4,61,58
2022-03-19 20:30,B-101,2.7,55,69
2022-03-19 20:35,B-101,3.8,68,62
2022-03-19 20:40,B-101,2.4,66,64
2022-03-19 20:45,B-101,2,53,58
2022-03-19 20:50,B-101,2,77,76
2022-03-19 20:55,B-101,1.4,58,77
2022-03-19 21:00,B-101,3.7,64,54
2022-03-19 21:05,B-101,1.5,73,61
2022-03-19 21:10,B-101,1.7,80,79
2022-03-19 21:15,B-101,3.4,61,62
2022-03-19 21:20,B-101,2.4,73,64
2022-03-19 21:25,B-101,1.2,63,55
2022-03-19 21:30,B-101,3.4,61,51
2022-03-19 21:35,B-101,2.5,56,63
2022-03-19 21:40,B-101,3.1,51,68
2022-03-19 21:45,B-101,2.2,80,54
2022-03-19 21:50,B-101,3.7,66,61
2022-03-19 21:55,B-101,2.4,62,71
2022-03-19 22:00,B-101,2.7,63,50
2022-03-19 22:05,B-101,3.8,75,58
2022-03-19 22:10,B-101,2.4,80,77
2022-03-19 22:15,B-101,2,59,49
2022-03-19 22:20,B-101,2,80,62
2022-03-19 22:25,B-101,1.4,77,75
2022-03-19 22:30,B-101,3.7,57,71
2022-03-19 22:35,B-101,1.5,59,58
2022-03-19 22:40,B-101,1.7,75,75
2022-03-19 22:45,B-101,3.4,51,80
2022-03-19 22:50,B-101,2.4,55,70
2022-03-19 22:55,B-101,1.7,75,69
2022-03-19 23:00,B-101,1.6,53,54
2022-03-19 23:05,B-101,3.1,53,54
2022-03-19 23:10,B-101,1,72,64
2022-03-19 23:15,B-101,2.2,71,53
2022-03-19 23:20,B-101,1.6,74,69
2022-03-19 23:25,B-101,1.8,53,60
2022-03-19 23:30,B-101,3,80,68
2022-03-19 23:35,B-101,1.6,56,67
2022-03-19 23:40,B-101,2.5,60,52
2022-03-19 23:45,B-101,1.8,70,73
2022-03-19 23:50,B-101,2,61,53
2022-03-19 23:55,B-101,3.9,57,55
2022-03-18 00:00,B-101,2.5,66,60
2022-03-18 00:05,B-101,3.1,79,80
2022-03-18 00:10,B-101,2.2,53,61
2022-03-18 00:15,B-101,3.7,62,67
2022-03-18 00:20,B-101,2.4,77,60
2022-03-18 00:25,B-101,2.7,77,71
2022-03-18 00:30,B-101,3.8,64,71
2022-03-18 00:35,B-101,2.4,70,50
2022-03-18 00:40,B-101,2,74,51
2022-03-18 00:45,B-101,2,69,55
2022-03-18 00:50,B-101,1.4,58,80
2022-03-18 00:55,B-101,3.7,71,55
2022-03-18 01:00,B-101,1.5,66,50
2022-03-18 01:05,B-101,1.7,64,68
2022-03-18 01:10,B-101,3.4,51,71
2022-03-18 01:15,B-101,2.4,68,59
2022-03-18 01:20,B-101,1.2,63,72
2022-03-18 01:25,B-101,3.4,53,64
2022-03-18 01:30,B-101,2.5,59,74
2022-03-18 01:35,B-101,3.1,74,65
2022-03-18 01:40,B-101,2.2,62,62
2022-03-18 01:45,B-101,3.7,63,52
2022-03-18 01:50,B-101,2.4,56,79
2022-03-18 01:55,B-101,2.7,50,73
2022-03-18 02:00,B-101,3.8,63,55
2022-03-18 02:05,B-101,2.4,61,58
2022-03-18 02:10,B-101,2,62,50
2022-03-18 02:15,B-101,2,62,61
2022-03-18 02:20,B-101,1.4,70,54
2022-03-18 02:25,B-101,3.7,63,59
2022-03-18 02:30,B-101,1.5,74,73
2022-03-18 02:35,B-101,1.7,60,69
2022-03-18 02:40,B-101,3.4,79,60
2022-03-18 02:45,B-101,2.4,67,64
2022-03-18 02:50,B-101,1.7,69,71
2022-03-18 02:55,B-101,1.6,53,64
2022-03-18 03:00,B-101,3.1,68,68
2022-03-18 03:05,B-101,1,54,69
2022-03-18 03:10,B-101,2.2,79,66
2022-03-18 03:15,B-101,1.6,77,57
2022-03-18 03:20,B-101,1.8,62,71
2022-03-18 03:25,B-101,3,62,76
2022-03-18 03:30,B-101,1.6,60,69
2022-03-18 03:35,B-101,2.5,75,56
2022-03-18 03:40,B-101,1.8,73,57
2022-03-18 03:45,B-101,2,61,53
2022-03-18 03:50,B-101,3.9,79,80
2022-03-18 03:55,B-101,2.6,62,73
2022-03-18 04:00,B-101,3.9,71,62
2022-03-18 04:05,B-101,3.2,75,54
2022-03-18 04:10,B-101,3.1,70,79
2022-03-18 04:15,B-101,2.3,64,51
2022-03-18 04:20,B-101,2.8,63,49
2022-03-18 04:25,B-101,1.2,55,76
2022-03-18 04:30,B-101,3.2,54,62
2022-03-18 04:35,B-101,1,80,58
2022-03-18 04:40,B-101,2.9,77,51
2022-03-18 04:45,B-101,3,53,59
2022-03-18 04:50,B-101,3.3,53,64
2022-03-18 04:55,B-101,2.3,60,72
2022-03-18 05:00,B-101,3.4,56,76
2022-03-18 05:05,B-101,3.9,79,73
2022-03-18 05:10,B-101,3.3,58,59
2022-03-18 05:15,B-101,3.5,66,68
2022-03-18 05:20,B-101,2.7,78,57
2022-03-18 05:25,B-101,3.3,52,77
2022-03-18 05:30,B-101,3.2,67,68
2022-03-18 05:35,B-101,3.3,78,55
2022-03-18 05:40,B-101,3.4,72,68
2022-03-18 05:45,B-101,2.5,51,60
2022-03-18 05:50,B-101,2.4,61,58
2022-03-18 05:55,B-101,3,74,55
2022-03-18 06:00,B-101,2.6,55,53
2022-03-18 06:05,B-101,1.8,75,53
2022-03-18 06:10,B-101,3.3,51,75
2022-03-18 06:15,B-101,3.2,60,68
2022-03-18 06:20,B-101,3.4,54,63
2022-03-18 06:25,B-101,3.7,54,79
2022-03-18 06:30,B-101,2.9,66,52
2022-03-18 06:35,B-101,2.4,61,61
2022-03-18 06:40,B-101,3.2,72,61
2022-03-18 06:45,B-101,2.2,76,68
2022-03-18 06:50,B-101,3,59,58
2022-03-18 06:55,B-101,1,79,80
2022-03-18 07:00,B-101,3.9,71,75
2022-03-18 07:05,B-101,2.8,78,61
2022-03-18 07:10,B-101,3.7,70,59
2022-03-18 07:15,B-101,2.2,54,78
2022-03-18 07:20,B-101,3.3,59,62
2022-03-18 07:25,B-101,1.6,74,55
2022-03-18 07:30,B-101,2.8,50,52
2022-03-18 07:35,B-101,3.5,69,49
2022-03-18 07:40,B-101,1.3,75,51
2022-03-18 07:45,B-101,2,76,79
2022-03-18 07:50,B-101,2.1,60,79
2022-03-18 07:55,B-101,3.3,73,67
2022-03-18 08:00,B-101,2.9,68,55
2022-03-18 08:05,B-101,3,58,72
2022-03-18 08:10,B-101,3.3,60,51
2022-03-18 08:15,B-101,1.9,69,62
2022-03-18 08:20,B-101,2.5,50,57
2022-03-18 08:25,B-101,2.4,80,74
2022-03-18 08:30,B-101,1.2,56,80
2022-03-18 08:35,B-101,2.2,63,50
2022-03-18 08:40,B-101,3.2,72,78
2022-03-18 08:45,B-101,3.8,65,50
2022-03-18 08:50,B-101,3.6,71,69
2022-03-18 08:55,B-101,1.9,71,66
2022-03-18 09:00,B-101,1.6,67,54
2022-03-18 09:05,B-101,2.1,64,77
2022-03-18 09:10,B-101,1.2,50,64
2022-03-18 09:15,B-101,1.9,61,55
2022-03-18 09:20,B-101,1.3,70,78
2022-03-18 09:25,B-101,1.2,72,58
2022-03-18 09:30,B-101,3.2,54,65
2022-03-18 09:35,B-101,2.2,65,64
2022-03-18 09:40,B-101,3.6,79,73
2022-03-18 09:45,B-101,1.2,73,61
2022-03-18 09:50,B-101,1.5,67,79
2022-03-18 09:55,B-101,3.1,62,57
2022-03-18 10:00,B-101,3.8,52,65
2022-03-18 10:05,B-101,2.6,52,62
2022-03-18 10:10,B-101,3.4,58,80
2022-03-18 10:15,B-101,2.4,74,77
2022-03-18 10:20,B-101,1.4,58,49
2022-03-18 10:25,B-101,3.1,51,78
2022-03-18 10:30,B-101,2.8,62,67
2022-03-18 10:35,B-101,2.2,75,50
2022-03-18 10:40,B-101,2.5,71,76
2022-03-18 10:45,B-101,2.2,53,50
2022-03-18 10:50,B-101,2.3,60,50
2022-03-18 10:55,B-101,1.1,57,63
2022-03-18 11:00,B-101,2.3,67,67
2022-03-18 11:05,B-101,3.5,69,61
2022-03-18 11:10,B-101,1.3,52,57
2022-03-18 11:15,B-101,2.4,67,56
2022-03-18 11:20,B-101,3.9,78,70
2022-03-18 11:25,B-101,1.5,74,51
2022-03-18 11:30,B-101,2.7,52,57
2022-03-18 11:35,B-101,2.5,63,78
2022-03-18 11:40,B-101,1.5,76,77
2022-03-18 11:45,B-101,3.7,72,74
2022-03-18 11:50,B-101,2.6,65,51
2022-03-18 11:55,B-101,1,70,49
2022-03-18 12:00,B-101,2.9,79,69
2022-03-18 12:05,B-101,1.3,50,70
2022-03-18 12:10,B-101,2.7,52,53
2022-03-18 12:15,B-101,2.5,57,73
2022-03-18 12:20,B-101,2.6,52,80
2022-03-18 12:25,B-101,3.8,65,78
2022-03-18 12:30,B-101,2.3,55,61
2022-03-18 12:35,B-101,3.5,68,73
2022-03-18 12:40,B-101,3.7,54,67
2022-03-18 12:45,B-101,2.7,79,65
2022-03-18 12:50,B-101,3.6,63,55
2022-03-18 12:55,B-101,3.4,71,76
2022-03-18 13:00,B-101,2.2,75,52
2022-03-18 13:05,B-101,1.8,61,63
2022-03-18 13:10,B-101,2.4,58,80
2022-03-18 13:15,B-101,3.8,52,64
2022-03-18 13:20,B-101,3.3,75,57
2022-03-18 13:25,B-101,3.4,71,76
2022-03-18 13:30,B-101,3.7,78,57
2022-03-18 13:35,B-101,2.6,65,80
2022-03-18 13:40,B-101,1.1,56,69
2022-03-18 13:45,B-101,2.9,74,55
2022-03-18 13:50,B-101,3,75,65
2022-03-18 13:55,B-101,1.2,54,69
2022-03-18 14:00,B-101,1.3,68,63
2022-03-18 14:05,B-101,2.1,76,49
2022-03-18 14:10,B-101,2.3,63,49
2022-03-18 14:15,B-101,2,50,66
2022-03-18 14:20,B-101,2.1,51,65
2022-03-18 14:25,B-101,3.3,69,75
2022-03-18 14:30,B-101,1.9,67,50
2022-03-18 14:35,B-101,3.2,75,59
2022-03-18 14:40,B-101,3.6,65,67
2022-03-18 14:45,B-101,2.9,76,65
2022-03-18 14:50,B-101,1.8,53,60
2022-03-18 14:55,B-101,2.4,66,77
2022-03-18 15:00,B-101,1.5,75,57
2022-03-18 15:05,B-101,2.5,71,78
2022-03-18 15:10,B-101,2.3,56,69
2022-03-18 15:15,B-101,1.8,55,78
2022-03-18 15:20,B-101,3.8,72,50
2022-03-18 15:25,B-101,1.2,51,71
2022-03-18 15:30,B-101,2.7,67,53
2022-03-18 15:35,B-101,1.5,64,58
2022-03-18 15:40,B-101,1.6,73,50
2022-03-18 15:45,B-101,3.8,53,61
2022-03-18 15:50,B-101,1.5,69,58
2022-03-18 15:55,B-101,3.2,69,53
2022-03-18 16:00,B-101,2.4,62,63
2022-03-18 16:05,B-101,3.4,57,65
2022-03-18 16:10,B-101,2.8,79,60
2022-03-18 16:15,B-101,1.2,57,49
2022-03-18 16:20,B-101,3.4,55,51
2022-03-18 16:25,B-101,2.3,54,49
2022-03-18 16:30,B-101,3.9,68,59
2022-03-18 16:35,B-101,1.6,75,50
2022-03-18 16:40,B-101,3.8,61,53
2022-03-18 16:45,B-101,2,76,72
2022-03-18 16:50,B-101,3.9,52,78
2022-03-18 16:55,B-101,2.5,78,56
2022-03-18 17:00,B-101,3,54,51
2022-03-18 17:05,B-101,2.9,65,53
2022-03-18 17:10,B-101,1.2,77,74
2022-03-18 17:15,B-101,3.2,65,73
2022-03-18 17:20,B-101,2.2,74,55
2022-03-18 17:25,B-101,1.7,50,60
2022-03-18 17:30,B-101,1.9,71,56
2022-03-18 17:35,B-101,3.3,80,55
2022-03-18 17:40,B-101,2.1,51,69
2022-03-18 17:45,B-101,3.8,56,72
2022-03-18 17:50,B-101,3.1,62,80
2022-03-18 17:55,B-101,2.9,58,62
2022-03-18 18:00,B-101,2.1,70,62
2022-03-18 18:05,B-101,1.3,61,49
2022-03-18 18:10,B-101,2.6,73,79
2022-03-18 18:15,B-101,2.6,59,60
2022-03-18 18:20,B-101,3.6,70,50
2022-03-18 18:25,B-101,3,62,58
2022-03-18 18:30,B-101,2.9,69,69
2022-03-18 18:35,B-101,3,50,53
2022-03-18 18:40,B-101,1.7,80,73
2022-03-18 18:45,B-101,3.5,51,58
2022-03-18 18:50,B-101,3.9,73,67
2022-03-18 18:55,B-101,1.3,61,63
2022-03-18 19:00,B-101,3.9,63,50
2022-03-18 19:05,B-101,1.4,67,68
2022-03-18 19:10,B-101,3.1,68,68
2022-03-18 19:15,B-101,3.2,64,77
2022-03-18 19:20,B-101,1.9,50,78
2022-03-18 19:25,B-101,2.3,65,59
2022-03-18 19:30,B-101,1.5,59,53
2022-03-18 19:35,B-101,3.4,70,61
2022-03-18 19:40,B-101,3.6,71,54
2022-03-18 19:45,B-101,2.9,54,61
2022-03-18 19:50,B-101,3.3,73,68
2022-03-18 19:55,B-101,1.7,73,52
2022-03-18 20:00,B-101,2.7,76,77
2022-03-18 20:05,B-101,3.7,57,59
2022-03-18 20:10,B-101,1.9,71,79
2022-03-18 20:15,B-101,1.2,52,61
2022-03-18 20:20,B-101,2.1,63,66
2022-03-18 20:25,B-101,2,60,65
2022-03-18 20:30,B-101,2.4,54,79
2022-03-18 20:35,B-101,2.5,68,51
2022-03-18 20:40,B-101,3.8,70,69
2022-03-18 20:45,B-101,2.5,74,58
2022-03-18 20:50,B-101,2,71,53
2022-03-18 20:55,B-101,2.7,73,65
2022-03-18 21:00,B-101,2.1,77,72
2022-03-18 21:05,B-101,3.5,62,66
2022-03-18 21:10,B-101,2,71,55
2022-03-18 21:15,B-101,3.6,59,63
2022-03-18 21:20,B-101,2.2,72,54
2022-03-18 21:25,B-101,3.7,55,55
2022-03-18 21:30,B-101,2.9,66,53
2022-03-18 21:35,B-101,2.7,75,70
2022-03-18 21:40,B-101,3.4,79,54
2022-03-18 21:45,B-101,2.7,72,61
2022-03-18 21:50,B-101,1.7,64,80
2022-03-18 21:55,B-101,3.3,74,68
2022-03-18 22:00,B-101,3.3,52,65
2022-03-18 22:05,B-101,1.7,62,70
2022-03-18 22:10,B-101,3.1,53,80
2022-03-18 22:15,B-101,3.8,60,67
2022-03-18 22:20,B-101,2.2,78,57
2022-03-18 22:25,B-101,2.5,62,74
2022-03-18 22:30,B-101,3,72,73
2022-03-18 22:35,B-101,1.2,66,67
2022-03-18 22:40,B-101,2.7,77,50
2022-03-18 22:45,B-101,1.6,73,60
2022-03-18 22:50,B-101,2.3,79,49
2022-03-18 22:55,B-101,3.6,77,63
2022-03-18 23:00,B-101,1.6,72,73
2022-03-18 23:05,B-101,3.3,53,68
2022-03-18 23:10,B-101,2.3,67,76
2022-03-18 23:15,B-101,3.8,77,49
2022-03-18 23:20,B-101,2.2,54,64
2022-03-18 23:25,B-101,3.5,58,72
2022-03-18 23:30,B-101,2.4,54,78
2022-03-18 23:35,B-101,2.1,53,62
2022-03-18 23:40,B-101,3.4,72,59
2022-03-18 23:45,B-101,3.2,68,54
2022-03-18 23:50,B-101,1.9,75,75
2022-03-18 23:55,B-101,2.3,76,70
2022-03-18 00:00,B-101,2.9,67,59
2022-03-17 00:05,B-101,2.3,70,70
2022-03-17 00:10,B-101,2,60,57
2022-03-17 00:15,B-101,2.9,68,49
2022-03-17 00:20,B-101,2.9,60,64
2022-03-17 00:25,B-101,2.6,66,67
2022-03-17 00:30,B-101,2.7,74,49
2022-03-17 00:35,B-101,2.6,61,72
2022-03-17 00:40,B-101,2.9,68,71
2022-03-17 00:45,B-101,2.4,59,49
2022-03-17 00:50,B-101,2.6,60,58
2022-03-17 00:55,B-101,3,57,56
2022-03-17 01:00,B-101,1.7,57,75
2022-03-17 01:05,B-101,1.2,52,76
2022-03-17 01:10,B-101,2,73,56
2022-03-17 01:15,B-101,2.4,76,60
2022-03-17 01:20,B-101,1.2,74,69
2022-03-17 01:25,B-101,3.4,52,50
2022-03-17 01:30,B-101,2.5,68,57
2022-03-17 01:35,B-101,3.1,67,73
2022-03-17 01:40,B-101,2.2,79,66
2022-03-17 01:45,B-101,3.7,60,70
2022-03-17 01:50,B-101,2.4,75,60
2022-03-17 01:55,B-101,2.7,52,65
2022-03-17 02:00,B-101,3.8,65,50
2022-03-17 02:05,B-101,2.4,61,62
2022-03-17 02:10,B-101,2,77,56
2022-03-17 02:15,B-101,2,53,72
2022-03-17 02:20,B-101,1.4,54,64
2022-03-17 02:25,B-101,3.7,62,75
2022-03-17 02:30,B-101,1.5,71,52
2022-03-17 02:35,B-101,1.7,66,55
2022-03-17 02:40,B-101,3.4,79,64
2022-03-17 02:45,B-101,2.4,77,61
2022-03-17 02:50,B-101,1.7,55,65
2022-03-17 02:55,B-101,1.6,65,62
2022-03-17 03:00,B-101,3.1,77,69
2022-03-17 03:05,B-101,1,64,68
2022-03-17 03:10,B-101,2.2,63,60
2022-03-17 03:15,B-101,1.6,51,59
2022-03-17 03:20,B-101,1.8,60,62
2022-03-17 03:25,B-101,3,64,62
2022-03-17 03:30,B-101,1.6,64,49
2022-03-17 03:35,B-101,2.5,72,49
2022-03-17 03:40,B-101,1.8,50,67
2022-03-17 03:45,B-101,2,65,65
2022-03-17 03:50,B-101,3.9,80,53
2022-03-17 03:55,B-101,2.6,71,54
2022-03-17 04:00,B-101,3.9,72,53
2022-03-17 04:05,B-101,3.2,66,70
2022-03-17 04:10,B-101,3.1,66,50
2022-03-17 04:15,B-101,2.3,51,51
2022-03-17 04:20,B-101,2.8,52,63
2022-03-17 04:25,B-101,1.2,74,54
2022-03-17 04:30,B-101,3.2,75,67
2022-03-17 04:35,B-101,1,72,79
2022-03-17 04:40,B-101,2.9,72,63
2022-03-17 04:45,B-101,3,56,55
2022-03-17 04:50,B-101,3.3,70,68
2022-03-17 04:55,B-101,2.3,65,49
2022-03-17 05:00,B-101,3.4,53,64
2022-03-17 05:05,B-101,3.9,72,56
2022-03-17 05:10,B-101,3.3,52,73
2022-03-17 05:15,B-101,3.5,56,68
2022-03-17 05:20,B-101,2.7,50,74
2022-03-17 05:25,B-101,3.3,52,59
2022-03-17 05:30,B-101,3.2,70,74
2022-03-17 05:35,B-101,3.3,73,55
2022-03-17 05:40,B-101,3.4,79,78
2022-03-17 05:45,B-101,2.5,60,64
2022-03-17 05:50,B-101,2.4,74,70
2022-03-17 05:55,B-101,3,72,68
2022-03-17 06:00,B-101,2.6,57,60
2022-03-17 06:05,B-101,1.8,60,63
2022-03-17 06:10,B-101,3.3,75,74
2022-03-17 06:15,B-101,3.2,64,68
2022-03-17 06:20,B-101,3.4,54,64
2022-03-17 06:25,B-101,3.7,72,63
2022-03-17 06:30,B-101,2.9,79,58
2022-03-17 06:35,B-101,2.4,61,57
2022-03-17 06:40,B-101,3.2,65,54
2022-03-17 06:45,B-101,2.2,70,49
2022-03-17 06:50,B-101,3,68,54
2022-03-17 06:55,B-101,1,69,67
2022-03-17 07:00,B-101,3.9,61,62
2022-03-17 07:05,B-101,2.8,53,51
2022-03-17 07:10,B-101,3.7,64,55
2022-03-17 07:15,B-101,2.2,74,60
2022-03-17 07:20,B-101,3.3,72,64
2022-03-17 07:25,B-101,1.6,54,65
2022-03-17 07:30,B-101,2.8,67,62
2022-03-17 07:35,B-101,3.5,50,78
2022-03-17 07:40,B-101,1.3,51,55
2022-03-17 07:45,B-101,2,61,65
2022-03-17 07:50,B-101,2.1,67,79
2022-03-17 07:55,B-101,3.3,61,67
2022-03-17 08:00,B-101,2.9,78,59
2022-03-17 08:05,B-101,3,65,70
2022-03-17 08:10,B-101,3.3,74,57
2022-03-17 08:15,B-101,1.9,65,55
2022-03-17 08:20,B-101,2.5,65,78
2022-03-17 08:25,B-101,2.4,67,75
2022-03-17 08:30,B-101,1.2,53,79
2022-03-17 08:35,B-101,2.2,78,50
2022-03-17 08:40,B-101,3.2,79,63
2022-03-17 08:45,B-101,3.8,60,53
2022-03-17 08:50,B-101,3.6,76,51
2022-03-17 08:55,B-101,1.9,77,62
2022-03-17 09:00,B-101,1.6,63,65
2022-03-17 09:05,B-101,2.1,65,66
2022-03-17 09:10,B-101,1.2,66,57
2022-03-17 09:15,B-101,1.9,70,77
2022-03-17 09:20,B-101,1.3,66,73
2022-03-17 09:25,B-101,1.2,59,60
2022-03-17 09:30,B-101,3.2,70,64
2022-03-17 09:35,B-101,2.2,72,78
2022-03-17 09:40,B-101,3.6,78,79
2022-03-17 09:45,B-101,1.2,58,60
2022-03-17 09:50,B-101,1.5,68,54
2022-03-17 09:55,B-101,3.1,80,68
2022-03-17 10:00,B-101,3.8,57,80
2022-03-17 10:05,B-101,2.6,58,63
2022-03-17 10:10,B-101,3.4,64,76
2022-03-17 10:15,B-101,2.4,73,76
2022-03-17 10:20,B-101,1.4,69,62
2022-03-17 10:25,B-101,3.1,55,62
2022-03-17 10:30,B-101,2.8,80,56
2022-03-17 10:35,B-101,2.2,71,54
2022-03-17 10:40,B-101,2.5,61,79
2022-03-17 10:45,B-101,2.2,79,64
2022-03-17 10:50,B-101,2.3,76,67
2022-03-17 10:55,B-101,1.1,78,72
2022-03-17 11:00,B-101,2.3,52,54
2022-03-17 11:05,B-101,3.5,51,76
2022-03-17 11:10,B-101,1.3,58,65
2022-03-17 11:15,B-101,2.4,60,58
2022-03-17 11:20,B-101,3.9,52,67
2022-03-17 11:25,B-101,1.5,52,72
2022-03-17 11:30,B-101,2.7,59,78
2022-03-17 11:35,B-101,2.5,59,50
2022-03-17 11:40,B-101,1.5,66,56
2022-03-17 11:45,B-101,3.7,61,80
2022-03-17 11:50,B-101,2.6,77,54
2022-03-17 11:55,B-101,1,70,54
2022-03-17 12:00,B-101,2.9,54,76
2022-03-17 12:05,B-101,1.3,53,56
2022-03-17 12:10,B-101,2.7,63,68
2022-03-17 12:15,B-101,2.5,65,71
2022-03-17 12:20,B-101,2.6,80,55
2022-03-17 12:25,B-101,3.8,62,77
2022-03-17 12:30,B-101,2.3,65,66
2022-03-17 12:35,B-101,3.5,80,67
2022-03-17 12:40,B-101,3.7,57,54
2022-03-17 12:45,B-101,2.7,62,52
2022-03-17 12:50,B-101,3.6,56,68
2022-03-17 12:55,B-101,3.4,67,74
2022-03-17 13:00,B-101,2.2,79,53
2022-03-17 13:05,B-101,1.8,76,60
2022-03-17 13:10,B-101,2.4,73,71
2022-03-17 13:15,B-101,3.8,79,80
2022-03-17 13:20,B-101,3.3,79,71
2022-03-17 13:25,B-101,3.4,53,55
2022-03-17 13:30,B-101,3.7,65,79
2022-03-17 13:35,B-101,2.6,72,71
2022-03-17 13:40,B-101,1.1,57,72
2022-03-17 13:45,B-101,2.9,80,69
2022-03-17 13:50,B-101,3,66,80
2022-03-17 13:55,B-101,1.2,74,71
2022-03-17 14:00,B-101,1.3,67,49
2022-03-17 14:05,B-101,2.1,67,56
2022-03-17 14:10,B-101,2.3,76,71
2022-03-17 14:15,B-101,2,65,79
2022-03-17 14:20,B-101,2.1,75,63
2022-03-17 14:25,B-101,3.3,57,55
2022-03-17 14:30,B-101,1.9,65,49
2022-03-17 14:35,B-101,3.2,67,71
2022-03-17 14:40,B-101,3.6,61,57
2022-03-17 14:45,B-101,2.9,67,67
2022-03-17 14:50,B-101,1.8,66,80
2022-03-17 14:55,B-101,2.4,56,76
2022-03-17 15:00,B-101,1.5,80,73
2022-03-17 15:05,B-101,2.5,63,79
2022-03-17 15:10,B-101,2.3,72,80
2022-03-17 15:15,B-101,1.8,73,59
2022-03-17 15:20,B-101,3.8,62,53
2022-03-17 15:25,B-101,1.2,77,67
2022-03-17 15:30,B-101,2.7,62,50
2022-03-17 15:35,B-101,1.5,80,68
2022-03-17 15:40,B-101,1.6,68,62
2022-03-17 15:45,B-101,3.8,50,77
2022-03-17 15:50,B-101,1.5,64,64
2022-03-17 15:55,B-101,3.2,57,62
2022-03-17 16:00,B-101,2.4,67,51
2022-03-17 16:05,B-101,3.4,66,76
2022-03-17 16:10,B-101,2.8,74,61
2022-03-17 16:15,B-101,1.2,61,51
2022-03-17 16:20,B-101,3.4,68,74
2022-03-17 16:25,B-101,2.3,58,55
2022-03-17 16:30,B-101,3.9,59,74
2022-03-17 16:35,B-101,1.6,65,53
2022-03-17 16:40,B-101,3.8,67,57
2022-03-17 16:45,B-101,2,51,77
2022-03-17 16:50,B-101,3.9,51,63
2022-03-17 16:55,B-101,2.5,70,75
2022-03-17 17:00,B-101,3,80,64
2022-03-17 17:05,B-101,2.9,79,63
2022-03-17 17:10,B-101,1.2,50,70
2022-03-17 17:15,B-101,3.2,61,78
2022-03-17 17:20,B-101,2.2,65,52
2022-03-17 17:25,B-101,1.7,67,62
2022-03-17 17:30,B-101,1.9,58,62
2022-03-17 17:35,B-101,3.3,69,56
2022-03-17 17:40,B-101,2.1,53,62
2022-03-17 17:45,B-101,3.8,51,74
2022-03-17 17:50,B-101,3.1,72,58
2022-03-17 17:55,B-101,2.9,67,73
2022-03-17 18:00,B-101,2.1,55,59
2022-03-17 18:05,B-101,1.3,61,72
2022-03-17 18:10,B-101,2.6,64,58
2022-03-17 18:15,B-101,2.6,71,62
2022-03-17 18:20,B-101,3.6,70,70
2022-03-17 18:25,B-101,3,59,68
2022-03-17 18:30,B-101,2.9,56,80
2022-03-17 18:35,B-101,3,76,54
2022-03-17 18:40,B-101,1.7,61,72
2022-03-17 18:45,B-101,3.5,80,70
2022-03-17 18:50,B-101,3.9,55,77
2022-03-17 18:55,B-101,1.3,78,57
2022-03-17 19:00,B-101,3.9,76,56
2022-03-17 19:05,B-101,1.4,70,80
2022-03-17 19:10,B-101,3.1,62,56
2022-03-17 19:15,B-101,3.2,80,72
2022-03-17 19:20,B-101,1.9,65,49
2022-03-17 19:25,B-101,2.3,57,79
2022-03-17 19:30,B-101,1.5,70,76
2022-03-17 19:35,B-101,3.4,77,79
2022-03-17 19:40,B-101,3.6,68,71
2022-03-17 19:45,B-101,2.9,68,70
2022-03-17 19:50,B-101,3.3,52,77
2022-03-17 19:55,B-101,1.7,77,70
2022-03-17 20:00,B-101,2.7,54,58
2022-03-17 20:05,B-101,3.7,62,67
2022-03-17 20:10,B-101,1.9,63,57
2022-03-17 20:15,B-101,1.2,61,52
2022-03-17 20:20,B-101,2.1,69,57
2022-03-17 20:25,B-101,2,72,50
2022-03-17 20:30,B-101,2.4,67,61
2022-03-17 20:35,B-101,2.5,59,71
2022-03-17 20:40,B-101,3.8,72,67
2022-03-17 20:45,B-101,2.5,56,60
2022-03-17 20:50,B-101,2,78,57
2022-03-17 20:55,B-101,2.7,59,67
2022-03-17 21:00,B-101,2.1,56,54
2022-03-17 21:05,B-101,3.5,58,53
2022-03-17 21:10,B-101,2,69,78
2022-03-17 21:15,B-101,3.6,52,65
2022-03-17 21:20,B-101,2.2,53,64
2022-03-17 21:25,B-101,3.7,61,78
2022-03-17 21:30,B-101,2.9,67,50
2022-03-17 21:35,B-101,2.7,54,60
2022-03-17 21:40,B-101,3.4,59,55
2022-03-17 21:45,B-101,2.7,64,53
2022-03-17 21:50,B-101,1.7,65,72
2022-03-17 21:55,B-101,3.3,72,76
2022-03-17 22:00,B-101,3.3,50,53
2022-03-17 22:05,B-101,1.7,60,67
2022-03-17 22:10,B-101,3.1,74,54
2022-03-17 22:15,B-101,3.2,72,52
2022-03-17 22:20,B-101,1.9,67,53
2022-03-17 22:25,B-101,2.3,74,79
2022-03-17 22:30,B-101,2.9,74,78
2022-03-17 22:35,B-101,2.3,61,65
2022-03-17 22:40,B-101,2,56,59
2022-03-17 22:45,B-101,2.9,71,54
2022-03-17 22:50,B-101,2.9,58,60
2022-03-17 22:55,B-101,2.6,80,70
2022-03-17 23:00,B-101,2.7,62,63
2022-03-17 23:05,B-101,2.6,68,69
2022-03-17 23:10,B-101,2.9,56,67
2022-03-17 23:15,B-101,2.4,65,52
2022-03-17 23:20,B-101,2.6,53,80
2022-03-17 23:25,B-101,3,79,78
2022-03-17 23:30,B-101,1.7,61,55
2022-03-17 23:35,B-101,1.2,65,50
2022-03-17 23:40,B-101,2,55,76
2022-03-17 23:45,B-101,2.4,55,59
2022-03-17 23:50,B-101,1.2,74,59
2022-03-17 23:55,B-101,3.4,77,59
2022-03-16 00:00,B-101,2.5,66,72
2022-03-16 00:05,B-101,3.1,58,64
2022-03-16 00:10,B-101,2.2,61,67
2022-03-16 00:15,B-101,3.7,62,71
2022-03-16 00:20,B-101,2.4,77,53
2022-03-16 00:25,B-101,2.7,54,61
2022-03-16 00:30,B-101,3.8,65,62
2022-03-16 00:35,B-101,2.4,73,76
2022-03-16 00:40,B-101,2,79,52
2022-03-16 00:45,B-101,2,71,62
2022-03-16 00:50,B-101,1.4,73,66
2022-03-16 00:55,B-101,3.7,64,76
2022-03-16 01:00,B-101,1.5,56,69
2022-03-16 01:05,B-101,1.7,79,74
2022-03-16 01:10,B-101,3.4,58,57
2022-03-16 01:15,B-101,2.4,69,60
2022-03-16 01:20,B-101,1.2,75,78
2022-03-16 01:25,B-101,3.4,54,49
2022-03-16 01:30,B-101,2.5,65,64
2022-03-16 01:35,B-101,3.1,69,53
2022-03-16 01:40,B-101,2.2,65,59
2022-03-16 01:45,B-101,3.7,68,70
2022-03-16 01:50,B-101,2.4,58,78
2022-03-16 01:55,B-101,2.7,80,60
2022-03-16 02:00,B-101,3.8,50,73
2022-03-16 02:05,B-101,2.4,55,60
2022-03-16 02:10,B-101,2,60,64
2022-03-16 02:15,B-101,2,62,76
2022-03-16 02:20,B-101,1.4,54,79
2022-03-16 02:25,B-101,3.7,76,55
2022-03-16 02:30,B-101,1.5,55,49
2022-03-16 02:35,B-101,1.7,57,67
2022-03-16 02:40,B-101,3.4,51,61
2022-03-16 02:45,B-101,2.4,66,74
2022-03-16 02:50,B-101,1.7,76,56
2022-03-16 02:55,B-101,1.6,68,60
2022-03-16 03:00,B-101,3.1,54,80
2022-03-16 03:05,B-101,1,70,70
2022-03-16 03:10,B-101,2.2,65,68
2022-03-16 03:15,B-101,1.6,64,50
2022-03-16 03:20,B-101,1.8,55,63
2022-03-16 03:25,B-101,3,50,80
2022-03-16 03:30,B-101,1.6,72,76
2022-03-16 03:35,B-101,2.5,51,71
2022-03-16 03:40,B-101,1.8,53,70
2022-03-16 03:45,B-101,2,58,63
2022-03-16 03:50,B-101,3.9,50,72
2022-03-16 03:55,B-101,2.5,68,58
2022-03-16 04:00,B-101,3.1,68,76
2022-03-16 04:05,B-101,2.2,59,61
2022-03-16 04:10,B-101,3.7,55,62
2022-03-16 04:15,B-101,2.4,67,57
2022-03-16 04:20,B-101,2.7,69,68
2022-03-16 04:25,B-101,3.8,78,71
2022-03-16 04:30,B-101,2.4,50,80
2022-03-16 04:35,B-101,2,76,80
2022-03-16 04:40,B-101,2,50,78
2022-03-16 04:45,B-101,1.4,53,54
2022-03-16 04:50,B-101,3.7,80,79
2022-03-16 04:55,B-101,1.5,68,72
2022-03-16 05:00,B-101,1.7,62,59
2022-03-16 05:05,B-101,3.4,58,73
2022-03-16 05:10,B-101,2.4,75,54
2022-03-16 05:15,B-101,1.2,70,79
2022-03-16 05:20,B-101,3.4,80,58
2022-03-16 05:25,B-101,2.5,54,71
2022-03-16 05:30,B-101,3.1,64,58
2022-03-16 05:35,B-101,2.2,72,50
2022-03-16 05:40,B-101,3.7,69,61
2022-03-16 05:45,B-101,2.4,76,55
2022-03-16 05:50,B-101,2.7,62,53
2022-03-16 05:55,B-101,3.8,72,50
2022-03-16 06:00,B-101,2.4,74,75
2022-03-16 06:05,B-101,2,65,54
2022-03-16 06:10,B-101,2,62,57
2022-03-16 06:15,B-101,1.4,76,63
2022-03-16 06:20,B-101,3.7,74,73
2022-03-16 06:25,B-101,1.5,72,66
2022-03-16 06:30,B-101,1.7,56,60
2022-03-16 06:35,B-101,3.4,72,55
2022-03-16 06:40,B-101,2.4,55,51
2022-03-16 06:45,B-101,1.7,74,55
2022-03-16 06:50,B-101,1.6,77,73
2022-03-16 06:55,B-101,3.1,68,50
2022-03-16 07:00,B-101,1,80,64
2022-03-16 07:05,B-101,2.2,57,54
2022-03-16 07:10,B-101,1.6,74,62
2022-03-16 07:15,B-101,1.8,79,65
2022-03-16 07:20,B-101,3,50,52
2022-03-16 07:25,B-101,1.6,75,61
2022-03-16 07:30,B-101,2.5,69,56
2022-03-16 07:35,B-101,1.8,58,72
2022-03-16 07:40,B-101,2,75,49
2022-03-16 07:45,B-101,3.9,75,74
2022-03-16 07:50,B-101,2.6,73,73
2022-03-16 07:55,B-101,3.9,61,54
2022-03-16 08:00,B-101,3.2,65,52
2022-03-16 08:05,B-101,3.1,77,59
2022-03-16 08:10,B-101,2.3,57,75
2022-03-16 08:15,B-101,2.8,63,58
2022-03-16 08:20,B-101,1.2,58,72
2022-03-16 08:25,B-101,3.2,66,70
2022-03-16 08:30,B-101,1,73,72
2022-03-16 08:35,B-101,2.9,57,67
2022-03-16 08:40,B-101,3,74,52
2022-03-16 08:45,B-101,3.3,80,67
2022-03-16 08:50,B-101,2.3,52,70
2022-03-16 08:55,B-101,3.4,59,50
2022-03-16 09:00,B-101,3.9,61,75
2022-03-16 09:05,B-101,3.3,64,56
2022-03-16 09:10,B-101,3.5,64,72
2022-03-16 09:15,B-101,2.7,68,61
2022-03-16 09:20,B-101,3.3,65,54
2022-03-16 09:25,B-101,3.2,75,53
2022-03-16 09:30,B-101,3.3,64,55
2022-03-16 09:35,B-101,3.4,67,70
2022-03-16 09:40,B-101,2.5,51,72
2022-03-16 09:45,B-101,2.4,70,78
2022-03-16 09:50,B-101,3,80,65
2022-03-16 09:55,B-101,2.6,52,51
2022-03-16 10:00,B-101,1.8,80,58
2022-03-16 10:05,B-101,3.3,74,79
2022-03-16 10:10,B-101,3.2,63,59
2022-03-16 10:15,B-101,3.4,54,49
2022-03-16 10:20,B-101,3.7,77,70
2022-03-16 10:25,B-101,2.9,56,69
2022-03-16 10:30,B-101,2.4,75,71
2022-03-16 10:35,B-101,3.2,71,55
2022-03-16 10:40,B-101,2.2,62,78
2022-03-16 10:45,B-101,3,65,63
2022-03-16 10:50,B-101,1,68,53
2022-03-16 10:55,B-101,3.9,55,70
2022-03-16 11:00,B-101,2.8,79,51
2022-03-16 11:05,B-101,3.7,77,54
2022-03-16 11:10,B-101,2.2,52,75
2022-03-16 11:15,B-101,3.3,75,52
2022-03-16 11:20,B-101,1.6,71,74
2022-03-16 11:25,B-101,2.8,69,66
2022-03-16 11:30,B-101,3.5,66,72
2022-03-16 11:35,B-101,1.3,71,62
2022-03-16 11:40,B-101,2,71,80
2022-03-16 11:45,B-101,2.1,54,51
2022-03-16 11:50,B-101,3.3,62,53
2022-03-16 11:55,B-101,2.9,53,71
2022-03-16 12:00,B-101,3,59,60
2022-03-16 12:05,B-101,3.3,70,67
2022-03-16 12:10,B-101,1.9,71,80
2022-03-16 12:15,B-101,2.5,65,59
2022-03-16 12:20,B-101,2.4,53,50
2022-03-16 12:25,B-101,1.2,60,72
2022-03-16 12:30,B-101,2.2,80,58
2022-03-16 12:35,B-101,3.2,60,50
2022-03-16 12:40,B-101,3.8,78,56
2022-03-16 12:45,B-101,3.6,73,77
2022-03-16 12:50,B-101,1.9,78,50
2022-03-16 12:55,B-101,1.6,58,56
2022-03-16 13:00,B-101,2.1,64,79
2022-03-16 13:05,B-101,1.2,69,63
2022-03-16 13:10,B-101,1.9,54,58
2022-03-16 13:15,B-101,1.3,74,67
2022-03-16 13:20,B-101,1.2,77,71
2022-03-16 13:25,B-101,3.2,63,64
2022-03-16 13:30,B-101,2.2,58,51
2022-03-16 13:35,B-101,3.6,54,65
2022-03-16 13:40,B-101,1.2,67,68
2022-03-16 13:45,B-101,1.5,69,60
2022-03-16 13:50,B-101,3.1,66,52
2022-03-16 13:55,B-101,3.8,70,61
2022-03-16 14:00,B-101,2.6,75,50
2022-03-16 14:05,B-101,3.4,79,63
2022-03-16 14:10,B-101,2.4,51,78
2022-03-16 14:15,B-101,1.4,55,56
2022-03-16 14:20,B-101,3.1,72,53
2022-03-16 14:25,B-101,2.8,62,80
2022-03-16 14:30,B-101,2.2,80,80
2022-03-16 14:35,B-101,2.5,63,62
2022-03-16 14:40,B-101,2.2,57,79
2022-03-16 14:45,B-101,2.3,55,53
2022-03-16 14:50,B-101,1.1,79,49
2022-03-16 14:55,B-101,2.3,50,66
2022-03-16 15:00,B-101,3.5,54,79
2022-03-16 15:05,B-101,1.3,52,71
2022-03-16 15:10,B-101,2.4,68,78
2022-03-16 15:15,B-101,3.9,57,79
2022-03-16 15:20,B-101,1.5,57,61
2022-03-16 15:25,B-101,2.7,73,79
2022-03-16 15:30,B-101,2.5,56,59
2022-03-16 15:35,B-101,1.5,70,58
2022-03-16 15:40,B-101,3.7,54,76
2022-03-16 15:45,B-101,2.6,70,52
2022-03-16 15:50,B-101,1,54,57
2022-03-16 15:55,B-101,2.9,57,58
2022-03-16 16:00,B-101,1.3,52,55
2022-03-16 16:05,B-101,2.7,53,61
2022-03-16 16:10,B-101,2.5,77,58
2022-03-16 16:15,B-101,2.6,77,54
2022-03-16 16:20,B-101,3.8,58,68
2022-03-16 16:25,B-101,2.3,80,77
2022-03-16 16:30,B-101,3.5,55,79
2022-03-16 16:35,B-101,3.7,76,80
2022-03-16 16:40,B-101,2.7,79,49
2022-03-16 16:45,B-101,3.6,63,73
2022-03-16 16:50,B-101,3.4,78,66
2022-03-16 16:55,B-101,2.2,70,68
2022-03-16 17:00,B-101,1.8,80,66
2022-03-16 17:05,B-101,2.4,73,54
2022-03-16 17:10,B-101,3.8,76,49
2022-03-16 17:15,B-101,3.3,50,53
2022-03-16 17:20,B-101,3.4,54,52
2022-03-16 17:25,B-101,3.7,73,55
2022-03-16 17:30,B-101,2.6,67,55
2022-03-16 17:35,B-101,1.1,57,51
2022-03-16 17:40,B-101,2.9,78,68
2022-03-16 17:45,B-101,3,52,50
2022-03-16 17:50,B-101,1.2,67,78
2022-03-16 17:55,B-101,1.3,77,71
2022-03-16 18:00,B-101,2.1,50,55
2022-03-16 18:05,B-101,2.3,51,57
2022-03-16 18:10,B-101,2,78,77
2022-03-16 18:15,B-101,2.1,74,79
2022-03-16 18:20,B-101,3.3,70,73
2022-03-16 18:25,B-101,1.9,79,59
2022-03-16 18:30,B-101,3.2,65,70
2022-03-16 18:35,B-101,3.6,63,49
2022-03-16 18:40,B-101,2.9,57,76
2022-03-16 18:45,B-101,1.8,76,53
2022-03-16 18:50,B-101,2.4,74,60
2022-03-16 18:55,B-101,1.5,68,68
2022-03-16 19:00,B-101,2.5,69,61
2022-03-16 19:05,B-101,2.3,64,60
2022-03-16 19:10,B-101,1.8,52,58
2022-03-16 19:15,B-101,3.8,72,80
2022-03-16 19:20,B-101,1.2,74,76
2022-03-16 19:25,B-101,2.7,77,57
2022-03-16 19:30,B-101,1.5,67,54
2022-03-16 19:35,B-101,1.6,74,58
2022-03-16 19:40,B-101,3.8,62,74
2022-03-16 19:45,B-101,1.5,53,76
2022-03-16 19:50,B-101,3.2,57,56
2022-03-16 19:55,B-101,2.4,68,52
2022-03-16 20:00,B-101,3.4,51,66
2022-03-16 20:05,B-101,2.8,73,76
2022-03-16 20:10,B-101,1.2,53,61
2022-03-16 20:15,B-101,3.4,78,55
2022-03-16 20:20,B-101,2.3,58,80
2022-03-16 20:25,B-101,3.9,64,67
2022-03-16 20:30,B-101,1.6,67,69
2022-03-16 20:35,B-101,3.8,73,59
2022-03-16 20:40,B-101,2,73,71
2022-03-16 20:45,B-101,3.9,67,79
2022-03-16 20:50,B-101,2.5,53,52
2022-03-16 20:55,B-101,3,51,56
2022-03-16 21:00,B-101,2.9,52,73
2022-03-16 21:05,B-101,1.2,50,61
2022-03-16 21:10,B-101,3.2,66,66
2022-03-16 21:15,B-101,2.2,69,63
2022-03-16 21:20,B-101,1.7,66,76
2022-03-16 21:25,B-101,1.9,54,75
2022-03-16 21:30,B-101,3.3,64,52
2022-03-16 21:35,B-101,2.1,55,51
2022-03-16 21:40,B-101,3.8,52,67
2022-03-16 21:45,B-101,3.1,54,63
2022-03-16 21:50,B-101,2.9,59,56
2022-03-16 21:55,B-101,2.1,75,52
2022-03-16 22:00,B-101,1.3,72,75
2022-03-16 22:05,B-101,2.6,79,58
2022-03-16 22:10,B-101,2.6,67,68
2022-03-16 22:15,B-101,3.6,71,68
2022-03-16 22:20,B-101,3,68,62
2022-03-16 22:25,B-101,2.9,63,60
2022-03-16 22:30,B-101,3,80,63
2022-03-16 22:35,B-101,1.7,50,57
2022-03-16 22:40,B-101,3.5,65,56
2022-03-16 22:45,B-101,3.9,64,71
2022-03-16 22:50,B-101,1.3,60,50
2022-03-16 22:55,B-101,3.9,71,69
2022-03-16 23:00,B-101,1.4,80,51
2022-03-16 23:05,B-101,3.1,57,61
2022-03-16 23:10,B-101,3.2,71,49
2022-03-16 23:15,B-101,1.9,50,66
2022-03-16 23:20,B-101,2.3,72,62
2022-03-16 23:25,B-101,1.5,74,76
2022-03-16 23:30,B-101,3.4,54,55
2022-03-16 23:35,B-101,3.6,67,50
2022-03-16 23:40,B-101,2.9,80,76
2022-03-16 23:45,B-101,3.3,61,70
2022-03-16 23:50,B-101,1.7,72,66
2022-03-16 23:55,B-101,2.7,64,50
2022-03-16 00:00,B-101,3.7,70,53
2022-03-15 00:05,B-101,1.9,72,54
2022-03-15 00:10,B-101,1.2,50,49
2022-03-15 00:15,B-101,2.1,70,58
2022-03-15 00:20,B-101,2,61,51
2022-03-15 00:25,B-101,2.4,59,59
2022-03-15 00:30,B-101,2.5,80,68
2022-03-15 00:35,B-101,3.8,76,53
2022-03-15 00:40,B-101,2.5,80,76
2022-03-15 00:45,B-101,2,76,67
2022-03-15 00:50,B-101,2.7,60,51
2022-03-15 00:55,B-101,2.1,55,68
2022-03-15 01:00,B-101,3.5,78,51
2022-03-15 01:05,B-101,2,59,69
2022-03-15 01:10,B-101,3.6,62,79
2022-03-15 01:15,B-101,2.2,60,59
2022-03-15 01:20,B-101,3.7,56,77
2022-03-15 01:25,B-101,2.9,72,62
2022-03-15 01:30,B-101,2.7,65,76
2022-03-15 01:35,B-101,3.4,78,67
2022-03-15 01:40,B-101,2.7,71,69
2022-03-15 01:45,B-101,1.7,74,68
2022-03-15 01:50,B-101,3.3,67,72
2022-03-15 01:55,B-101,3.3,61,68
2022-03-15 02:00,B-101,1.7,51,57
2022-03-15 02:05,B-101,3.1,54,53
2022-03-15 02:10,B-101,3.8,53,67
2022-03-15 02:15,B-101,2.2,52,73
2022-03-15 02:20,B-101,2.5,79,77
2022-03-15 02:25,B-101,3,59,78
2022-03-15 02:30,B-101,1.2,67,50
2022-03-15 02:35,B-101,2.7,58,50
2022-03-15 02:40,B-101,1.6,74,79
2022-03-15 02:45,B-101,2.3,77,57
2022-03-15 02:50,B-101,3.6,63,62
2022-03-15 02:55,B-101,1.6,58,79
2022-03-15 03:00,B-101,3.3,56,68
2022-03-15 03:05,B-101,2.3,80,61
2022-03-15 03:10,B-101,3.8,60,74
2022-03-15 03:15,B-101,2.2,64,58
2022-03-15 03:20,B-101,3.5,58,61
2022-03-15 03:25,B-101,2.4,58,75
2022-03-15 03:30,B-101,2.1,50,63
2022-03-15 03:35,B-101,3.4,78,56
2022-03-15 03:40,B-101,3.2,55,57
2022-03-15 03:45,B-101,1.9,72,66
2022-03-15 03:50,B-101,2.3,70,59
2022-03-15 03:55,B-101,2.9,53,70
2022-03-15 04:00,B-101,2.3,73,62
2022-03-15 04:05,B-101,2,57,75
2022-03-15 04:10,B-101,2.9,59,49
2022-03-15 04:15,B-101,2.9,70,62
2022-03-15 04:20,B-101,2.6,56,54
2022-03-15 04:25,B-101,2.7,80,64
2022-03-15 04:30,B-101,2.6,60,76
2022-03-15 04:35,B-101,2.9,80,57
2022-03-15 04:40,B-101,2.4,57,56
2022-03-15 04:45,B-101,2.6,70,80
2022-03-15 04:50,B-101,3,71,66
2022-03-15 04:55,B-101,1.7,65,62
2022-03-15 05:00,B-101,1.2,62,80
2022-03-15 05:05,B-101,2,54,54
2022-03-15 05:10,B-101,2.4,58,58
2022-03-15 05:15,B-101,1.2,54,67
2022-03-15 05:20,B-101,3.4,50,73
2022-03-15 05:25,B-101,2.5,54,49
2022-03-15 05:30,B-101,3.1,57,58
2022-03-15 05:35,B-101,2.2,60,64
2022-03-15 05:40,B-101,3.7,73,76
2022-03-15 05:45,B-101,2.4,59,52
2022-03-15 05:50,B-101,2.7,65,55
2022-03-15 05:55,B-101,3.8,77,60
2022-03-15 06:00,B-101,2.4,77,62
2022-03-15 06:05,B-101,2,62,58
2022-03-15 06:10,B-101,2,79,78
2022-03-15 06:15,B-101,1.4,55,50
2022-03-15 06:20,B-101,3.7,59,78
2022-03-15 06:25,B-101,1.5,55,60
2022-03-15 06:30,B-101,1.7,76,76
2022-03-15 06:35,B-101,3.4,78,66
2022-03-15 06:40,B-101,2.4,80,49
2022-03-15 06:45,B-101,1.7,55,67
2022-03-15 06:50,B-101,1.6,63,75
2022-03-15 06:55,B-101,3.1,66,53
2022-03-15 07:00,B-101,1,73,73
2022-03-15 07:05,B-101,2.2,76,56
2022-03-15 07:10,B-101,1.6,69,73
2022-03-15 07:15,B-101,1.8,55,57
2022-03-15 07:20,B-101,3,60,64
2022-03-15 07:25,B-101,1.6,80,79
2022-03-15 07:30,B-101,2.5,80,61
2022-03-15 07:35,B-101,1.8,57,58
2022-03-15 07:40,B-101,2,50,63
2022-03-15 07:45,B-101,3.9,80,59
2022-03-15 07:50,B-101,2.6,62,50
2022-03-15 07:55,B-101,3.9,78,67
2022-03-15 08:00,B-101,3.2,74,68
2022-03-15 08:05,B-101,3.1,74,65
2022-03-15 08:10,B-101,2.3,62,79
2022-03-15 08:15,B-101,2.8,65,66
2022-03-15 08:20,B-101,1.2,69,66
2022-03-15 08:25,B-101,3.2,79,62
2022-03-15 08:30,B-101,1,57,60
2022-03-15 08:35,B-101,2.9,76,70
2022-03-15 08:40,B-101,3,50,63
2022-03-15 08:45,B-101,3.3,65,52
2022-03-15 08:50,B-101,2.3,78,51
2022-03-15 08:55,B-101,3.4,52,56
2022-03-15 09:00,B-101,3.9,60,68
2022-03-15 09:05,B-101,3.3,69,59
2022-03-15 09:10,B-101,3.5,62,54
2022-03-15 09:15,B-101,2.7,54,63
2022-03-15 09:20,B-101,3.3,76,73
2022-03-15 09:25,B-101,3.2,57,63
2022-03-15 09:30,B-101,3.3,51,67
2022-03-15 09:35,B-101,3.4,57,59
2022-03-15 09:40,B-101,2.5,79,73
2022-03-15 09:45,B-101,2.4,71,62
2022-03-15 09:50,B-101,3,68,60
2022-03-15 09:55,B-101,2.6,65,54
2022-03-15 10:00,B-101,1.8,73,53
2022-03-15 10:05,B-101,3.3,56,64
2022-03-15 10:10,B-101,3.2,71,70
2022-03-15 10:15,B-101,3.4,77,64
2022-03-15 10:20,B-101,3.7,50,49
2022-03-15 10:25,B-101,2.9,57,73
2022-03-15 10:30,B-101,2.4,59,64
2022-03-15 10:35,B-101,3.2,53,55
2022-03-15 10:40,B-101,2.2,60,68
2022-03-15 10:45,B-101,3,50,60
2022-03-15 10:50,B-101,1,67,53
2022-03-15 10:55,B-101,3.9,71,61
2022-03-15 11:00,B-101,2.8,55,68
2022-03-15 11:05,B-101,3.7,71,62
2022-03-15 11:10,B-101,2.2,52,80
2022-03-15 11:15,B-101,3.3,66,71
2022-03-15 11:20,B-101,1.6,58,67
2022-03-15 11:25,B-101,2.8,61,59
2022-03-15 11:30,B-101,3.5,50,58
2022-03-15 11:35,B-101,1.3,75,80
2022-03-15 11:40,B-101,2,66,70
2022-03-15 11:45,B-101,2.1,70,57
2022-03-15 11:50,B-101,3.3,50,49
2022-03-15 11:55,B-101,2.9,54,62
2022-03-15 12:00,B-101,3,61,65
2022-03-15 12:05,B-101,3.3,62,62
2022-03-15 12:10,B-101,1.9,67,58
2022-03-15 12:15,B-101,2.5,51,56
2022-03-15 12:20,B-101,2.4,80,63
2022-03-15 12:25,B-101,1.2,78,55
2022-03-15 12:30,B-101,2.2,56,63
2022-03-15 12:35,B-101,3.2,55,57
2022-03-15 12:40,B-101,3.8,50,64
2022-03-15 12:45,B-101,3.6,51,79
2022-03-15 12:50,B-101,1.9,77,74
2022-03-15 12:55,B-101,1.6,71,73
2022-03-15 13:00,B-101,2.1,70,70
2022-03-15 13:05,B-101,1.2,70,49
2022-03-15 13:10,B-101,1.9,55,67
2022-03-15 13:15,B-101,1.3,61,77
2022-03-15 13:20,B-101,1.2,77,70
2022-03-15 13:25,B-101,3.2,69,61
2022-03-15 13:30,B-101,2.2,73,67
2022-03-15 13:35,B-101,3.6,52,51
2022-03-15 13:40,B-101,1.2,77,71
2022-03-15 13:45,B-101,1.5,54,79
2022-03-15 13:50,B-101,3.1,52,62
2022-03-15 13:55,B-101,3.8,75,67
2022-03-15 14:00,B-101,2.6,67,76
2022-03-15 14:05,B-101,3.4,75,80
2022-03-15 14:10,B-101,2.4,56,63
2022-03-15 14:15,B-101,1.4,50,75
2022-03-15 14:20,B-101,3.1,67,69
2022-03-15 14:25,B-101,2.8,64,73
2022-03-15 14:30,B-101,2.2,57,75
2022-03-15 14:35,B-101,2.5,74,76
2022-03-15 14:40,B-101,2.2,72,67
2022-03-15 14:45,B-101,2.3,63,61
2022-03-15 14:50,B-101,1.1,70,59
2022-03-15 14:55,B-101,2.3,58,56
2022-03-15 15:00,B-101,3.5,55,80
2022-03-15 15:05,B-101,1.3,62,75
2022-03-15 15:10,B-101,2.4,76,76
2022-03-15 15:15,B-101,3.9,67,65
2022-03-15 15:20,B-101,1.5,68,49
2022-03-15 15:25,B-101,2.7,53,62
2022-03-15 15:30,B-101,2.5,76,66
2022-03-15 15:35,B-101,1.5,71,57
2022-03-15 15:40,B-101,3.7,59,59
2022-03-15 15:45,B-101,2.6,74,76
2022-03-15 15:50,B-101,1,72,73
2022-03-15 15:55,B-101,2.9,54,75
2022-03-15 16:00,B-101,1.3,68,75
2022-03-15 16:05,B-101,2.7,56,80
2022-03-15 16:10,B-101,2.5,79,53
2022-03-15 16:15,B-101,2.6,54,77
2022-03-15 16:20,B-101,3.8,57,60
2022-03-15 16:25,B-101,2.3,79,75
2022-03-15 16:30,B-101,3.5,51,59
2022-03-15 16:35,B-101,3.7,58,63
2022-03-15 16:40,B-101,2.7,65,78
2022-03-15 16:45,B-101,3.6,78,73
2022-03-15 16:50,B-101,3.4,78,71
2022-03-15 16:55,B-101,2.2,56,64
2022-03-15 17:00,B-101,1.8,74,77
2022-03-15 17:05,B-101,2.4,80,68
2022-03-15 17:10,B-101,3.8,55,69
2022-03-15 17:15,B-101,3.3,59,63
2022-03-15 17:20,B-101,3.4,65,77
2022-03-15 17:25,B-101,3.7,67,49
2022-03-15 17:30,B-101,2.6,75,80
2022-03-15 17:35,B-101,1.1,72,80
2022-03-15 17:40,B-101,2.9,71,58
2022-03-15 17:45,B-101,3,54,65
2022-03-15 17:50,B-101,1.2,53,61
2022-03-15 17:55,B-101,1.3,66,76
2022-03-15 18:00,B-101,2.1,67,53
2022-03-15 18:05,B-101,2.3,50,51
2022-03-15 18:10,B-101,2,74,49
2022-03-15 18:15,B-101,2.1,50,64
2022-03-15 18:20,B-101,3.3,70,73
2022-03-15 18:25,B-101,1.9,52,55
2022-03-15 18:30,B-101,3.2,53,79
2022-03-15 18:35,B-101,3.6,67,62
2022-03-15 18:40,B-101,2.9,53,69
2022-03-15 18:45,B-101,1.8,58,56
2022-03-15 18:50,B-101,2.4,50,75
2022-03-15 18:55,B-101,1.5,65,52
2022-03-15 19:00,B-101,2.5,61,66
2022-03-15 19:05,B-101,2.3,69,62
2022-03-15 19:10,B-101,1.8,57,66
2022-03-15 19:15,B-101,3.8,65,68
2022-03-15 19:20,B-101,1.2,56,68
2022-03-15 19:25,B-101,2.7,66,72
2022-03-15 19:30,B-101,1.5,72,67
2022-03-15 19:35,B-101,1.6,50,52
2022-03-15 19:40,B-101,3.8,64,50
2022-03-15 19:45,B-101,1.5,57,52
2022-03-15 19:50,B-101,3.2,69,76
2022-03-15 19:55,B-101,2.4,69,53
2022-03-15 20:00,B-101,3.4,78,61
2022-03-15 20:05,B-101,2.8,74,61
2022-03-15 20:10,B-101,1.2,80,66
2022-03-15 20:15,B-101,3.4,51,69
2022-03-15 20:20,B-101,2.3,62,67
2022-03-15 20:25,B-101,3.9,79,73
2022-03-15 20:30,B-101,1.6,58,70
2022-03-15 20:35,B-101,3.8,61,78
2022-03-15 20:40,B-101,2,62,71
2022-03-15 20:45,B-101,3.9,80,55
2022-03-15 20:50,B-101,2.5,61,68
2022-03-15 20:55,B-101,3,54,72
2022-03-15 21:00,B-101,2.9,70,50
2022-03-15 21:05,B-101,1.2,63,56
2022-03-15 21:10,B-101,3.2,78,61
2022-03-15 21:15,B-101,2.2,72,74
2022-03-15 21:20,B-101,1.7,56,55
2022-03-15 21:25,B-101,1.9,51,77
2022-03-15 21:30,B-101,3.3,63,59
2022-03-15 21:35,B-101,2.1,59,57
2022-03-15 21:40,B-101,3.8,80,51
2022-03-15 21:45,B-101,3.1,65,54
2022-03-15 21:50,B-101,2.9,62,49
2022-03-15 21:55,B-101,2.1,66,68
2022-03-15 22:00,B-101,1.3,79,52
2022-03-15 22:05,B-101,2.6,53,71
2022-03-15 22:10,B-101,2.6,56,62
2022-03-15 22:15,B-101,3.6,77,63
2022-03-15 22:20,B-101,3,68,75
2022-03-15 22:25,B-101,2.9,58,62
2022-03-15 22:30,B-101,3,65,51
2022-03-15 22:35,B-101,1.7,73,54
2022-03-15 22:40,B-101,3.5,52,67
2022-03-15 22:45,B-101,3.9,57,71
2022-03-15 22:50,B-101,1.3,53,73
2022-03-15 22:55,B-101,3.9,71,75
2022-03-15 23:00,B-101,1.4,65,59
2022-03-15 23:05,B-101,3.1,76,64
2022-03-15 23:10,B-101,3.2,62,50
2022-03-15 23:15,B-101,1.9,56,65
2022-03-15 23:20,B-101,2.3,80,62
2022-03-15 23:25,B-101,1.5,58,67
2022-03-15 23:30,B-101,3.4,54,58
2022-03-15 23:35,B-101,3.6,60,75
2022-03-15 23:40,B-101,2.9,76,49
2022-03-15 23:45,B-101,3.3,62,78
2022-03-15 23:50,B-101,1.7,65,77
2022-03-15 23:55,B-101,2.7,76,63
2022-03-14 00:00,B-101,2.8,72,67
2022-03-14 00:05,B-101,1.2,57,76
2022-03-14 00:10,B-101,3.4,52,70
2022-03-14 00:15,B-101,2.3,52,53
2022-03-14 00:20,B-101,3.9,74,50
2022-03-14 00:25,B-101,1.6,74,80
2022-03-14 00:30,B-101,3.8,52,75
2022-03-14 00:35,B-101,2,56,50
2022-03-14 00:40,B-101,3.9,69,76
2022-03-14 00:45,B-101,2.5,72,74
2022-03-14 00:50,B-101,3,50,66
2022-03-14 00:55,B-101,2.9,71,70
2022-03-14 01:00,B-101,1.2,59,63
2022-03-14 01:05,B-101,3.2,68,51
2022-03-14 01:10,B-101,2.2,72,52
2022-03-14 01:15,B-101,1.7,66,66
2022-03-14 01:20,B-101,1.9,50,57
2022-03-14 01:25,B-101,3.3,52,61
2022-03-14 01:30,B-101,2.1,76,52
2022-03-14 01:35,B-101,3.8,56,63
2022-03-14 01:40,B-101,3.1,62,79
2022-03-14 01:45,B-101,2.9,80,49
2022-03-14 01:50,B-101,2.1,72,79
2022-03-14 01:55,B-101,1.3,51,74
2022-03-14 02:00,B-101,2.6,61,58
2022-03-14 02:05,B-101,2.6,75,51
2022-03-14 02:10,B-101,3.6,58,79
2022-03-14 02:15,B-101,3,50,80
2022-03-14 02:20,B-101,2.9,55,53
2022-03-14 02:25,B-101,3,75,59
2022-03-14 02:30,B-101,1.7,60,55
2022-03-14 02:35,B-101,3.5,74,67
2022-03-14 02:40,B-101,3.9,78,80
2022-03-14 02:45,B-101,1.3,67,66
2022-03-14 02:50,B-101,3.9,75,79
2022-03-14 02:55,B-101,1.4,76,65
2022-03-14 03:00,B-101,3.1,71,63
2022-03-14 03:05,B-101,3.2,78,73
2022-03-14 03:10,B-101,1.9,70,73
2022-03-14 03:15,B-101,2.3,54,58
2022-03-14 03:20,B-101,1.5,57,72
2022-03-14 03:25,B-101,3.4,59,79
2022-03-14 03:30,B-101,3.6,79,54
2022-03-14 03:35,B-101,2.9,53,67
2022-03-14 03:40,B-101,3.3,57,57
2022-03-14 03:45,B-101,1.7,59,54
2022-03-14 03:50,B-101,2.7,63,76
2022-03-14 03:55,B-101,3.7,72,53
2022-03-14 04:00,B-101,1.9,72,71
2022-03-14 04:05,B-101,1.2,68,69
2022-03-14 04:10,B-101,1.7,60,58
2022-03-14 04:15,B-101,2.7,65,64
2022-03-14 04:20,B-101,3.7,56,59
2022-03-14 04:25,B-101,1.9,77,70
2022-03-13 00:00,B-101,2.8,77,64
2022-03-13 00:05,B-101,1.2,54,57
2022-03-13 00:10,B-101,3.4,77,52
2022-03-13 00:15,B-101,2.3,58,78
2022-03-13 00:20,B-101,3.9,57,67
2022-03-13 00:25,B-101,1.6,79,50
2022-03-13 00:30,B-101,3.8,53,70
2022-03-13 00:35,B-101,2,60,72
2022-03-13 00:40,B-101,3.9,65,53
2022-03-13 00:45,B-101,2.5,70,49
2022-03-13 00:50,B-101,3,67,80
2022-03-13 00:55,B-101,2.9,56,52
2022-03-13 01:00,B-101,1.2,60,68
2022-03-13 01:05,B-101,3.2,56,57
2022-03-13 01:10,B-101,2.2,58,78
2022-03-13 01:15,B-101,1.7,75,73
2022-03-13 01:20,B-101,1.9,65,58
2022-03-13 01:25,B-101,3.3,68,64
2022-03-13 01:30,B-101,2.1,79,75
2022-03-13 01:35,B-101,3.8,76,67
2022-03-13 01:40,B-101,3.1,51,52
2022-03-13 01:45,B-101,2.9,69,63
2022-03-13 01:50,B-101,2.1,74,64
2022-03-13 01:55,B-101,1.3,70,56
2022-03-13 02:00,B-101,2.6,58,75
2022-03-13 02:05,B-101,2.6,62,64
2022-03-13 02:10,B-101,3.6,57,63
2022-03-13 02:15,B-101,3,64,50
2022-03-13 02:20,B-101,2.9,53,51
2022-03-13 02:25,B-101,3,66,55
2022-03-13 02:30,B-101,1.7,51,58
2022-03-13 02:35,B-101,3.5,52,49
2022-03-13 02:40,B-101,3.9,78,79
2022-03-13 02:45,B-101,1.3,53,65
2022-03-13 02:50,B-101,3.9,59,51
2022-03-13 02:55,B-101,1.4,77,49
2022-03-13 03:00,B-101,3.1,57,67
2022-03-13 03:05,B-101,3.2,57,53
2022-03-13 03:10,B-101,1.9,62,56
2022-03-13 03:15,B-101,2.3,78,73
2022-03-13 03:20,B-101,1.5,68,64
2022-03-13 03:25,B-101,3.4,77,57
2022-03-13 03:30,B-101,3.6,55,60
2022-03-13 03:35,B-101,2.9,54,53
2022-03-13 03:40,B-101,3.3,79,55
2022-03-13 03:45,B-101,1.7,57,60
2022-03-13 03:50,B-101,2.7,77,77
2022-03-13 03:55,B-101,3.7,53,52
2022-03-13 04:00,B-101,1.9,76,80
2022-03-13 04:05,B-101,1.2,50,61
2022-03-13 04:10,B-101,2.1,62,60
2022-03-13 04:15,B-101,2,69,69
2022-03-13 04:20,B-101,2.4,60,66
2022-03-13 04:25,B-101,2.5,54,68
2022-03-13 04:30,B-101,3.8,51,78
2022-03-13 04:35,B-101,2.5,60,62
2022-03-13 04:40,B-101,2,63,78
2022-03-13 04:45,B-101,2.7,70,52
2022-03-13 04:50,B-101,2.1,64,49
2022-03-13 04:55,B-101,3.5,54,56
2022-03-13 05:00,B-101,2,60,73
2022-03-13 05:05,B-101,3.6,67,64
2022-03-13 05:10,B-101,2.2,57,50
2022-03-13 05:15,B-101,3.7,57,70
2022-03-13 05:20,B-101,2.9,67,63
2022-03-13 05:25,B-101,2.7,59,76
2022-03-13 05:30,B-101,3.4,72,73
2022-03-13 05:35,B-101,2.7,52,78
2022-03-13 05:40,B-101,1.7,62,51
2022-03-13 05:45,B-101,3.3,57,76
2022-03-13 05:50,B-101,3.3,53,79
2022-03-13 05:55,B-101,1.7,79,61
2022-03-13 06:00,B-101,3.1,60,52
2022-03-13 06:05,B-101,3.8,54,71
2022-03-13 06:10,B-101,2.2,78,72
2022-03-13 06:15,B-101,2.5,80,50
2022-03-13 06:20,B-101,3,72,70
2022-03-13 06:25,B-101,1.2,54,68
2022-03-13 06:30,B-101,2.7,73,75
2022-03-13 06:35,B-101,1.6,69,80
2022-03-13 06:40,B-101,2.3,68,66
2022-03-13 06:45,B-101,3.6,75,71
2022-03-13 06:50,B-101,1.6,70,53
2022-03-13 06:55,B-101,3.3,73,72
2022-03-13 07:00,B-101,2.3,52,77
2022-03-13 07:05,B-101,3.8,64,76
2022-03-13 07:10,B-101,2.2,69,66
2022-03-13 07:15,B-101,3.5,58,53
2022-03-13 07:20,B-101,2.4,77,62
2022-03-13 07:25,B-101,2.1,68,76
2022-03-13 07:30,B-101,3.4,54,63
2022-03-13 07:35,B-101,3.2,57,60
2022-03-13 07:40,B-101,1.9,77,60
2022-03-13 07:45,B-101,2.3,63,62
2022-03-13 07:50,B-101,2.9,57,65
2022-03-13 07:55,B-101,2.3,69,62
2022-03-13 08:00,B-101,2,62,56
2022-03-13 08:05,B-101,2.9,68,77
2022-03-13 08:10,B-101,2.9,68,66
2022-03-13 08:15,B-101,2.6,76,59
2022-03-13 08:20,B-101,2.7,69,68
2022-03-13 08:25,B-101,2.6,62,78
2022-03-13 08:30,B-101,2.9,51,64
2022-03-13 08:35,B-101,2.4,68,62
2022-03-13 08:40,B-101,2.6,55,50
2022-03-13 08:45,B-101,3,72,61
2022-03-13 08:50,B-101,1.7,78,51
2022-03-13 08:55,B-101,1.2,73,53
2022-03-13 09:00,B-101,2,77,72
2022-03-13 09:05,B-101,2.4,62,66
2022-03-13 09:10,B-101,1.2,76,72
2022-03-13 09:15,B-101,3.4,55,63
2022-03-13 09:20,B-101,2.5,65,65
2022-03-13 09:25,B-101,3.1,56,64
2022-03-13 09:30,B-101,2.2,50,80
2022-03-13 09:35,B-101,3.7,78,56
2022-03-13 09:40,B-101,2.4,80,78
2022-03-13 09:45,B-101,2.7,55,79
2022-03-13 09:50,B-101,3.8,65,60
2022-03-13 09:55,B-101,2.4,60,72
2022-03-13 10:00,B-101,2,79,49
2022-03-13 10:05,B-101,2,71,55
2022-03-13 10:10,B-101,1.4,66,60
2022-03-13 10:15,B-101,3.7,68,56
2022-03-13 10:20,B-101,1.5,50,68
2022-03-13 10:25,B-101,1.7,65,72
2022-03-13 10:30,B-101,3.4,50,70
2022-03-13 10:35,B-101,2.4,51,70
2022-03-13 10:40,B-101,1.7,67,62
2022-03-13 10:45,B-101,1.6,57,59
2022-03-13 10:50,B-101,3.1,51,56
2022-03-13 10:55,B-101,1,75,70
2022-03-13 11:00,B-101,2.2,74,55
2022-03-13 11:05,B-101,1.6,56,75
2022-03-13 11:10,B-101,1.8,55,68
2022-03-13 11:15,B-101,3,54,63
2022-03-13 11:20,B-101,1.6,66,60
2022-03-13 11:25,B-101,2.5,52,71
2022-03-13 11:30,B-101,1.8,78,63
2022-03-13 11:35,B-101,2,74,66
2022-03-13 11:40,B-101,3.9,78,63
2022-03-13 11:45,B-101,2.6,52,80
2022-03-13 11:50,B-101,3.9,59,74
2022-03-13 11:55,B-101,3.2,61,75
2022-03-13 12:00,B-101,3.1,52,70
2022-03-13 12:05,B-101,2.3,63,67
2022-03-13 12:10,B-101,2.8,72,72
2022-03-13 12:15,B-101,1.2,54,49
2022-03-13 12:20,B-101,3.2,72,58
2022-03-13 12:25,B-101,1,51,51
2022-03-13 12:30,B-101,2.9,69,54
2022-03-13 12:35,B-101,3,59,65
2022-03-13 12:40,B-101,3.3,64,70
2022-03-13 12:45,B-101,2.3,60,65
2022-03-13 12:50,B-101,3.4,59,75
2022-03-13 12:55,B-101,3.9,61,74
2022-03-13 13:00,B-101,3.3,68,50
2022-03-13 13:05,B-101,3.5,62,52
2022-03-13 13:10,B-101,2.7,53,52
2022-03-13 13:15,B-101,3.3,55,65
2022-03-13 13:20,B-101,3.2,50,70
2022-03-13 13:25,B-101,3.3,70,53
2022-03-13 13:30,B-101,3.4,71,72
2022-03-13 13:35,B-101,2.5,71,79
2022-03-13 13:40,B-101,2.4,62,49
2022-03-13 13:45,B-101,3,63,75
2022-03-13 13:50,B-101,2.6,63,61
2022-03-13 13:55,B-101,1.8,74,57
2022-03-13 14:00,B-101,3.3,78,57
2022-03-13 14:05,B-101,3.2,68,60
2022-03-13 14:10,B-101,3.4,72,54
2022-03-13 14:15,B-101,3.7,58,51
2022-03-13 14:20,B-101,2.9,70,57
2022-03-13 14:25,B-101,2.4,57,67
2022-03-13 14:30,B-101,3.2,51,66
2022-03-13 14:35,B-101,2.2,75,49
2022-03-13 14:40,B-101,3,65,51
2022-03-13 14:45,B-101,1,74,54
2022-03-13 14:50,B-101,3.9,55,60
2022-03-13 14:55,B-101,2.8,60,67
2022-03-13 15:00,B-101,3.7,80,60
2022-03-13 15:05,B-101,2.2,76,57
2022-03-13 15:10,B-101,3.3,74,51
2022-03-13 15:15,B-101,1.6,60,68
2022-03-13 15:20,B-101,2.8,62,49
2022-03-13 15:25,B-101,3.5,79,63
2022-03-13 15:30,B-101,1.3,61,70
2022-03-13 15:35,B-101,2,71,73
2022-03-13 15:40,B-101,2.1,71,80
2022-03-13 15:45,B-101,3.3,54,74
2022-03-13 15:50,B-101,2.9,51,49
2022-03-13 15:55,B-101,3,75,69
2022-03-13 16:00,B-101,3.3,62,63
2022-03-13 16:05,B-101,1.9,64,61
2022-03-13 16:10,B-101,2.5,54,71
2022-03-13 16:15,B-101,2.4,74,62
2022-03-13 16:20,B-101,1.2,61,49
2022-03-13 16:25,B-101,2.2,58,50
2022-03-13 16:30,B-101,3.2,73,68
2022-03-13 16:35,B-101,3.8,72,70
2022-03-13 16:40,B-101,3.6,73,61
2022-03-13 16:45,B-101,1.9,66,79
2022-03-13 16:50,B-101,1.6,72,74
2022-03-13 16:55,B-101,2.1,65,62
2022-03-13 17:00,B-101,1.2,60,54
2022-03-13 17:05,B-101,1.9,55,75
2022-03-13 17:10,B-101,1.3,78,63
2022-03-13 17:15,B-101,1.2,70,66
2022-03-13 17:20,B-101,3.2,64,57
2022-03-13 17:25,B-101,2.2,61,58
2022-03-13 17:30,B-101,3.6,63,54
2022-03-13 17:35,B-101,1.2,66,73
2022-03-13 17:40,B-101,1.5,55,51
2022-03-13 17:45,B-101,3.1,76,53
2022-03-13 17:50,B-101,3.8,64,53
2022-03-13 17:55,B-101,2.6,56,50
2022-03-13 18:00,B-101,3.4,80,57
2022-03-13 18:05,B-101,2.4,59,54
2022-03-13 18:10,B-101,1.4,55,74
2022-03-13 18:15,B-101,3.1,75,68
2022-03-13 18:20,B-101,2.8,77,60
2022-03-13 18:25,B-101,2.2,76,70
2022-03-13 18:30,B-101,2.5,62,80
2022-03-13 18:35,B-101,2.2,54,53
2022-03-13 18:40,B-101,2.3,72,56
2022-03-13 18:45,B-101,1.1,76,78
2022-03-13 18:50,B-101,2.3,55,50
2022-03-13 18:55,B-101,3.5,69,72
2022-03-13 19:00,B-101,1.3,62,74
2022-03-13 19:05,B-101,2.4,70,70
2022-03-13 19:10,B-101,3.9,72,63
2022-03-13 19:15,B-101,1.5,74,69
2022-03-13 19:20,B-101,2.7,63,66
2022-03-13 19:25,B-101,2.5,78,68
2022-03-13 19:30,B-101,1.5,59,67
2022-03-13 19:35,B-101,3.7,52,67
2022-03-13 19:40,B-101,2.6,61,71
2022-03-13 19:45,B-101,1,78,80
2022-03-13 19:50,B-101,2.9,51,74
2022-03-13 19:55,B-101,1.3,78,57
2022-03-13 20:00,B-101,2.7,67,56
2022-03-13 20:05,B-101,2.5,73,50
2022-03-13 20:10,B-101,2.6,78,57
2022-03-13 20:15,B-101,3.8,56,70
2022-03-13 20:20,B-101,2.3,58,66
2022-03-13 20:25,B-101,3.5,58,49
2022-03-13 20:30,B-101,3.7,57,76
2022-03-13 20:35,B-101,2.7,68,71
2022-03-13 20:40,B-101,3.6,62,69
2022-03-13 20:45,B-101,3.4,74,78
2022-03-13 20:50,B-101,2.2,55,73
2022-03-13 20:55,B-101,1.8,51,80
2022-03-13 21:00,B-101,2.4,61,58
2022-03-13 21:05,B-101,3.8,80,79
2022-03-13 21:10,B-101,3.3,70,79
2022-03-13 21:15,B-101,3.4,57,52
2022-03-13 21:20,B-101,3.7,74,49
2022-03-13 21:25,B-101,2.6,76,52
2022-03-13 21:30,B-101,1.1,58,56
2022-03-13 21:35,B-101,2.9,72,61
2022-03-13 21:40,B-101,3,54,54
2022-03-13 21:45,B-101,1.2,66,74
2022-03-13 21:50,B-101,1.3,78,79
2022-03-13 21:55,B-101,2.1,75,78
2022-03-13 22:00,B-101,2.3,54,54
2022-03-13 22:05,B-101,2,56,63
2022-03-13 22:10,B-101,2.1,58,60
2022-03-13 22:15,B-101,3.3,73,68
2022-03-13 22:20,B-101,1.9,79,61
2022-03-13 22:25,B-101,3.2,55,59
2022-03-13 22:30,B-101,3.6,75,71
2022-03-13 22:35,B-101,2.9,54,78
2022-03-13 22:40,B-101,1.8,53,49
2022-03-13 22:45,B-101,2.4,52,57
2022-03-13 22:50,B-101,1.5,66,58
2022-03-13 22:55,B-101,2.5,55,73
2022-03-13 23:00,B-101,2.3,75,73
2022-03-13 23:05,B-101,1.8,64,56
2022-03-13 23:10,B-101,3.8,73,64
2022-03-13 23:15,B-101,1.2,53,58
2022-03-13 23:20,B-101,2.7,67,60
2022-03-13 23:25,B-101,1.5,51,56
2022-03-13 23:30,B-101,1.6,52,56
2022-03-13 23:35,B-101,3.8,75,72
2022-03-13 23:40,B-101,1.5,59,74
2022-03-13 23:45,B-101,3.2,65,76
2022-03-13 23:50,B-101,2.4,52,78
2022-03-13 23:55,B-101,3.4,67,63
2022-03-12 00:00,B-101,3.7,68,76
2022-03-12 00:05,B-101,1.9,75,61
2022-03-12 00:10,B-101,1.2,61,77
2022-03-12 00:15,B-101,2.1,51,56
2022-03-12 00:20,B-101,2,50,70
2022-03-12 00:25,B-101,2.4,72,72
2022-03-12 00:30,B-101,2.5,60,68
2022-03-12 00:35,B-101,3.8,69,66
2022-03-12 00:40,B-101,2.5,59,62
2022-03-12 00:45,B-101,2,69,66
2022-03-12 00:50,B-101,2.7,65,64
2022-03-12 00:55,B-101,2.1,61,51
2022-03-12 01:00,B-101,3.5,74,60
2022-03-12 01:05,B-101,2,73,77
2022-03-12 01:10,B-101,3.6,54,78
2022-03-12 01:15,B-101,2.2,77,50
2022-03-12 01:20,B-101,3.7,60,58
2022-03-12 01:25,B-101,2.9,71,65
2022-03-12 01:30,B-101,2.7,62,78
2022-03-12 01:35,B-101,3.4,67,69
2022-03-12 01:40,B-101,2.7,67,69
2022-03-12 01:45,B-101,1.7,56,71
2022-03-12 01:50,B-101,3.3,54,79
2022-03-12 01:55,B-101,3.3,71,67
2022-03-12 02:00,B-101,1.7,77,50
2022-03-12 02:05,B-101,3.1,65,75
2022-03-12 02:10,B-101,3.2,59,52
2022-03-12 02:15,B-101,1.9,60,54
2022-03-12 02:20,B-101,2.3,75,67
2022-03-12 02:25,B-101,2.9,61,49
2022-03-12 02:30,B-101,2.3,57,56
2022-03-12 02:35,B-101,2,69,65
2022-03-12 02:40,B-101,2.9,79,65
2022-03-12 02:45,B-101,2.9,66,69
2022-03-12 02:50,B-101,2.6,56,60
2022-03-12 02:55,B-101,2.7,66,77
2022-03-12 03:00,B-101,2.6,68,58
2022-03-12 03:05,B-101,2.9,62,80
2022-03-12 03:10,B-101,2.4,71,62
2022-03-12 03:15,B-101,2.6,62,77
2022-03-12 03:20,B-101,3,62,66
2022-03-12 03:25,B-101,1.7,67,52
2022-03-12 03:30,B-101,1.2,80,79
2022-03-12 03:35,B-101,2,64,64
2022-03-12 03:40,B-101,2.4,67,53
2022-03-12 03:45,B-101,1.2,53,50
2022-03-12 03:50,B-101,3.4,62,54
2022-03-12 03:55,B-101,2.5,60,71
2022-03-12 04:00,B-101,3.1,73,53
2022-03-12 04:05,B-101,2.2,67,60
2022-03-12 04:10,B-101,3.7,72,51
2022-03-12 04:15,B-101,2.4,65,58
2022-03-12 04:20,B-101,2.7,67,63
2022-03-12 04:25,B-101,3.8,62,80
2022-03-12 04:30,B-101,2.4,74,71
2022-03-12 04:35,B-101,2,51,72
2022-03-12 04:40,B-101,2,65,70
2022-03-12 04:45,B-101,1.4,59,58
2022-03-12 04:50,B-101,3.7,58,62
2022-03-12 04:55,B-101,1.5,55,76
2022-03-12 05:00,B-101,1.7,74,79
2022-03-12 05:05,B-101,3.4,55,59
2022-03-12 05:10,B-101,2.4,52,49
2022-03-12 05:15,B-101,1.2,53,64
2022-03-12 05:20,B-101,3.4,62,55
2022-03-12 05:25,B-101,2.5,79,69
2022-03-12 05:30,B-101,3.1,53,64
2022-03-12 05:35,B-101,2.2,71,66
2022-03-12 05:40,B-101,3.7,73,67
2022-03-12 05:45,B-101,2.4,64,77
2022-03-12 05:50,B-101,2.7,56,74
2022-03-12 05:55,B-101,3.8,53,66
2022-03-12 06:00,B-101,2.4,64,79
2022-03-12 06:05,B-101,2,69,49
2022-03-12 06:10,B-101,2,60,71
2022-03-12 06:15,B-101,1.4,56,62
2022-03-12 06:20,B-101,3.7,67,67
2022-03-12 06:25,B-101,1.5,55,62
2022-03-12 06:30,B-101,1.7,78,57
2022-03-12 06:35,B-101,3.4,63,49
2022-03-12 06:40,B-101,2.4,68,74
2022-03-12 06:45,B-101,1.7,52,65
2022-03-12 06:50,B-101,1.6,65,50
2022-03-12 06:55,B-101,3.1,74,54
2022-03-12 07:00,B-101,1,59,79
2022-03-12 07:05,B-101,2.2,77,53
2022-03-12 07:10,B-101,1.6,62,76
2022-03-12 07:15,B-101,1.8,63,80
2022-03-12 07:20,B-101,3,50,55
2022-03-12 07:25,B-101,1.6,62,56
2022-03-12 07:30,B-101,2.5,65,67
2022-03-12 07:35,B-101,1.8,62,54
2022-03-12 07:40,B-101,2,55,76
2022-03-12 07:45,B-101,3.9,76,56
2022-03-12 07:50,B-101,2.5,80,58
2022-03-12 07:55,B-101,3.1,58,68
2022-03-12 08:00,B-101,2.2,76,75
2022-03-12 08:05,B-101,3.7,50,74
2022-03-12 08:10,B-101,2.4,50,69
2022-03-12 08:15,B-101,2.7,76,62
2022-03-12 08:20,B-101,3.8,63,54
2022-03-12 08:25,B-101,2.4,70,64
2022-03-12 08:30,B-101,2,68,58
2022-03-12 08:35,B-101,2,57,78
2022-03-12 08:40,B-101,1.4,52,59
2022-03-12 08:45,B-101,3.7,79,51
2022-03-12 08:50,B-101,1.5,58,79
2022-03-12 08:55,B-101,1.7,59,57
2022-03-12 09:00,B-101,3.4,50,79
2022-03-12 09:05,B-101,2.4,79,70
2022-03-12 09:10,B-101,1.2,63,74
2022-03-12 09:15,B-101,3.4,76,67
2022-03-12 09:20,B-101,2.5,79,67
2022-03-12 09:25,B-101,3.1,56,74
2022-03-12 09:30,B-101,2.2,76,77
2022-03-12 09:35,B-101,3.7,69,78
2022-03-12 09:40,B-101,2.4,58,54
2022-03-12 09:45,B-101,2.7,62,57
2022-03-12 09:50,B-101,3.8,77,72
2022-03-12 09:55,B-101,2.4,66,56
2022-03-12 10:00,B-101,2,58,63
2022-03-12 10:05,B-101,2,71,68
2022-03-12 10:10,B-101,1.4,54,70
2022-03-12 10:15,B-101,3.7,58,60
2022-03-12 10:20,B-101,1.5,54,57
2022-03-12 10:25,B-101,1.7,70,65
2022-03-12 10:30,B-101,3.4,52,60
2022-03-12 10:35,B-101,2.4,59,61
2022-03-12 10:40,B-101,1.7,54,80
2022-03-12 10:45,B-101,1.6,54,56
2022-03-12 10:50,B-101,3.1,54,58
2022-03-12 10:55,B-101,1,78,79
2022-03-12 11:00,B-101,2.2,60,63
2022-03-12 11:05,B-101,1.6,52,62
2022-03-12 11:10,B-101,1.8,69,73
2022-03-12 11:15,B-101,3,79,62
2022-03-12 11:20,B-101,1.6,55,65
2022-03-12 11:25,B-101,2.5,70,72
2022-03-12 11:30,B-101,1.8,55,72
2022-03-12 11:35,B-101,2,75,60
2022-03-12 11:40,B-101,3.9,72,60
2022-03-12 11:45,B-101,2.6,78,56
2022-03-12 11:50,B-101,3.9,78,52
2022-03-12 11:55,B-101,3.2,58,77
2022-03-12 12:00,B-101,3.1,56,68
2022-03-12 12:05,B-101,2.3,77,50
2022-03-12 12:10,B-101,2.8,75,62
2022-03-12 12:15,B-101,1.2,54,58
2022-03-12 12:20,B-101,3.2,67,63
2022-03-12 12:25,B-101,1,69,64
2022-03-12 12:30,B-101,2.9,53,54
2022-03-12 12:35,B-101,3,71,60
2022-03-12 12:40,B-101,3.3,52,63
2022-03-12 12:45,B-101,2.3,73,53
2022-03-12 12:50,B-101,3.4,50,75
2022-03-12 12:55,B-101,3.9,68,63
2022-03-12 13:00,B-101,3.3,70,80
2022-03-12 13:05,B-101,3.5,61,58
2022-03-12 13:10,B-101,2.7,65,67
2022-03-12 13:15,B-101,3.3,59,53
2022-03-12 13:20,B-101,3.2,60,79
2022-03-12 13:25,B-101,3.3,69,71
2022-03-12 13:30,B-101,3.4,58,61
2022-03-12 13:35,B-101,2.5,66,69
2022-03-12 13:40,B-101,2.4,68,71
2022-03-12 13:45,B-101,3,77,62
2022-03-12 13:50,B-101,2.6,50,63
2022-03-12 13:55,B-101,1.8,74,67
2022-03-12 14:00,B-101,3.3,70,56
2022-03-12 14:05,B-101,3.2,59,61
2022-03-12 14:10,B-101,3.4,54,79
2022-03-12 14:15,B-101,3.7,56,54
2022-03-12 14:20,B-101,2.9,66,49
2022-03-12 14:25,B-101,2.4,66,69
2022-03-12 14:30,B-101,3.2,53,78
2022-03-12 14:35,B-101,2.2,71,63
2022-03-12 14:40,B-101,3,68,57
2022-03-12 14:45,B-101,1,51,74
2022-03-12 14:50,B-101,3.9,62,70
2022-03-12 14:55,B-101,2.8,71,64
2022-03-12 15:00,B-101,3.7,63,73
2022-03-12 15:05,B-101,2.2,53,60
2022-03-12 15:10,B-101,3.3,76,72
2022-03-12 15:15,B-101,1.6,73,59
2022-03-12 15:20,B-101,2.8,53,59
2022-03-12 15:25,B-101,3.5,64,53
2022-03-12 15:30,B-101,1.3,55,77
2022-03-12 15:35,B-101,2,58,55
2022-03-12 15:40,B-101,2.1,62,74
2022-03-12 15:45,B-101,3.3,67,49
2022-03-12 15:50,B-101,2.9,53,49
2022-03-12 15:55,B-101,3,80,59
2022-03-12 16:00,B-101,3.3,59,50
2022-03-12 16:05,B-101,1.9,68,61
2022-03-12 16:10,B-101,2.5,63,54
2022-03-12 16:15,B-101,2.4,77,49
2022-03-12 16:20,B-101,1.2,65,69
2022-03-12 16:25,B-101,2.2,59,65
2022-03-12 16:30,B-101,3.2,65,53
2022-03-12 16:35,B-101,3.8,77,49
2022-03-12 16:40,B-101,3.6,70,78
2022-03-12 16:45,B-101,1.9,69,53
2022-03-12 16:50,B-101,1.6,77,79
2022-03-12 16:55,B-101,2.1,69,80
2022-03-12 17:00,B-101,1.2,71,60
2022-03-12 17:05,B-101,1.9,59,53
2022-03-12 17:10,B-101,1.3,68,74
2022-03-12 17:15,B-101,1.2,64,68
2022-03-12 17:20,B-101,3.2,68,61
2022-03-12 17:25,B-101,2.2,76,65
2022-03-12 17:30,B-101,3.6,62,75
2022-03-12 17:35,B-101,1.2,52,69
2022-03-12 17:40,B-101,1.5,74,50
2022-03-12 17:45,B-101,3.1,71,59
2022-03-12 17:50,B-101,3.8,73,66
2022-03-12 17:55,B-101,2.6,80,77
2022-03-12 18:00,B-101,3.4,71,55
2022-03-12 18:05,B-101,2.4,77,54
2022-03-12 18:10,B-101,1.4,78,49
2022-03-12 18:15,B-101,3.1,58,63
2022-03-12 18:20,B-101,2.8,67,62
2022-03-12 18:25,B-101,2.2,73,66
2022-03-12 18:30,B-101,2.5,64,66
2022-03-12 18:35,B-101,2.2,52,66
2022-03-12 18:40,B-101,2.3,63,62
2022-03-12 18:45,B-101,1.1,57,75
2022-03-12 18:50,B-101,2.3,76,56
2022-03-12 18:55,B-101,3.5,57,54
2022-03-12 19:00,B-101,1.3,73,62
2022-03-12 19:05,B-101,2.4,78,76
2022-03-12 19:10,B-101,3.9,72,56
2022-03-12 19:15,B-101,1.5,68,71
2022-03-12 19:20,B-101,2.7,57,52
2022-03-12 19:25,B-101,2.5,55,51
2022-03-12 19:30,B-101,1.5,67,71
2022-03-12 19:35,B-101,3.7,79,54
2022-03-12 19:40,B-101,2.6,50,72
2022-03-12 19:45,B-101,1,70,73
2022-03-12 19:50,B-101,2.9,54,64
2022-03-12 19:55,B-101,1.3,63,79
2022-03-12 20:00,B-101,2.7,72,67
2022-03-12 20:05,B-101,2.5,64,58
2022-03-12 20:10,B-101,2.6,61,55
2022-03-12 20:15,B-101,3.8,58,52
2022-03-12 20:20,B-101,2.3,53,60
2022-03-12 20:25,B-101,3.5,77,55
2022-03-12 20:30,B-101,3.7,66,67
2022-03-12 20:35,B-101,2.7,60,57
2022-03-12 20:40,B-101,3.6,64,75
2022-03-12 20:45,B-101,3.4,60,76
2022-03-12 20:50,B-101,2.2,80,58
2022-03-12 20:55,B-101,1.8,76,78
2022-03-12 21:00,B-101,2.4,51,53
2022-03-12 21:05,B-101,3.8,66,58
2022-03-12 21:10,B-101,3.3,55,52
2022-03-12 21:15,B-101,3.4,50,76
2022-03-12 21:20,B-101,3.7,51,68
2022-03-12 21:25,B-101,2.6,72,67
2022-03-12 21:30,B-101,1.1,64,61
2022-03-12 21:35,B-101,2.9,73,69
2022-03-12 21:40,B-101,3,78,65
2022-03-12 21:45,B-101,1.2,78,56
2022-03-12 21:50,B-101,1.3,63,66
2022-03-12 21:55,B-101,2.1,59,67
2022-03-12 22:00,B-101,2.3,51,60
2022-03-12 22:05,B-101,2,67,74
2022-03-12 22:10,B-101,2.1,61,56
2022-03-12 22:15,B-101,3.3,65,54
2022-03-12 22:20,B-101,1.9,60,58
2022-03-12 22:25,B-101,3.2,79,60
2022-03-12 22:30,B-101,3.6,56,58
2022-03-12 22:35,B-101,2.9,77,57
2022-03-12 22:40,B-101,1.8,68,72
2022-03-12 22:45,B-101,2.4,69,49
2022-03-12 22:50,B-101,1.5,59,56
2022-03-12 22:55,B-101,2.5,78,50
2022-03-12 23:00,B-101,2.3,58,80
2022-03-12 23:05,B-101,1.8,69,61
2022-03-12 23:10,B-101,3.8,65,57
2022-03-12 23:15,B-101,1.2,71,50
2022-03-12 23:20,B-101,2.7,57,68
2022-03-12 23:25,B-101,1.5,79,69
2022-03-12 23:30,B-101,1.6,55,50
2022-03-12 23:35,B-101,3.8,78,56
2022-03-12 23:40,B-101,1.5,54,54
2022-03-12 23:45,B-101,3.2,71,56
2022-03-12 23:50,B-101,2.4,73,72
2022-03-12 23:55,B-101,3.4,80,60
